id;project;connector_type;t;delta_t;url;redirect_url;response_size;response_code;success;error
0;download_jobposting;requests;1597307325.3433778;-0.4053339958190918;https://job.jobnet.dk/CV/FindWork/Search?SortValue=CreationDate&Offset=9700;https://job.jobnet.dk/CV/FindWork/Search?SortValue=CreationDate&Offset=9700;103945;200;True;
1;download_jobposting;requests;1597307326.762099;-0.408937931060791;https://job.jobnet.dk/CV/FindWork/Search?SortValue=CreationDate&Offset=7980;https://job.jobnet.dk/CV/FindWork/Search?SortValue=CreationDate&Offset=7980;104897;200;True;
2;download_jobposting;requests;1597307328.180692;-0.3152129650115967;https://job.jobnet.dk/CV/FindWork/Search?SortValue=CreationDate&Offset=12880;https://job.jobnet.dk/CV/FindWork/Search?SortValue=CreationDate&Offset=12880;103299;200;True;
3;download_jobposting;requests;1597307329.507377;-0.32057905197143555;https://job.jobnet.dk/CV/FindWork/Search?SortValue=CreationDate&Offset=6720;https://job.jobnet.dk/CV/FindWork/Search?SortValue=CreationDate&Offset=6720;104247;200;True;
4;download_jobposting;requests;1597307330.840412;-0.3185241222381592;https://job.jobnet.dk/CV/FindWork/Search?SortValue=CreationDate&Offset=1960;https://job.jobnet.dk/CV/FindWork/Search?SortValue=CreationDate&Offset=1960;103602;200;True;
5;download_jobposting;requests;1597307332.173737;-0.31557297706604004;https://job.jobnet.dk/CV/FindWork/Search?SortValue=CreationDate&Offset=10260;https://job.jobnet.dk/CV/FindWork/Search?SortValue=CreationDate&Offset=10260;103345;200;True;
6;download_jobposting;requests;1597307333.500354;-0.3197479248046875;https://job.jobnet.dk/CV/FindWork/Search?SortValue=CreationDate&Offset=9300;https://job.jobnet.dk/CV/FindWork/Search?SortValue=CreationDate&Offset=9300;102220;200;True;
7;download_jobposting;requests;1597307334.829034;-0.3226900100708008;https://job.jobnet.dk/CV/FindWork/Search?SortValue=CreationDate&Offset=10800;https://job.jobnet.dk/CV/FindWork/Search?SortValue=CreationDate&Offset=10800;103539;200;True;
8;download_jobposting;requests;1597307336.165249;-0.31732892990112305;https://job.jobnet.dk/CV/FindWork/Search?SortValue=CreationDate&Offset=12780;https://job.jobnet.dk/CV/FindWork/Search?SortValue=CreationDate&Offset=12780;103803;200;True;
9;download_jobposting;requests;1597307337.4984431;-0.41832590103149414;https://job.jobnet.dk/CV/FindWork/Search?SortValue=CreationDate&Offset=11700;https://job.jobnet.dk/CV/FindWork/Search?SortValue=CreationDate&Offset=11700;103472;200;True;
10;download_jobposting;requests;1597307338.931222;-0.41878509521484375;https://job.jobnet.dk/CV/FindWork/Search?SortValue=CreationDate&Offset=13700;https://job.jobnet.dk/CV/FindWork/Search?SortValue=CreationDate&Offset=13700;104414;200;True;
11;download_jobposting;requests;1597307340.3659258;-0.41794514656066895;https://job.jobnet.dk/CV/FindWork/Search?SortValue=CreationDate&Offset=880;https://job.jobnet.dk/CV/FindWork/Search?SortValue=CreationDate&Offset=880;103555;200;True;
12;download_jobposting;requests;1597307341.796033;-0.423551082611084;https://job.jobnet.dk/CV/FindWork/Search?SortValue=CreationDate&Offset=5840;https://job.jobnet.dk/CV/FindWork/Search?SortValue=CreationDate&Offset=5840;104373;200;True;
13;download_jobposting;requests;1597307343.234824;-0.3136100769042969;https://job.jobnet.dk/CV/FindWork/Search?SortValue=CreationDate&Offset=12320;https://job.jobnet.dk/CV/FindWork/Search?SortValue=CreationDate&Offset=12320;104053;200;True;
14;download_jobposting;requests;1597307344.565042;-0.31528687477111816;https://job.jobnet.dk/CV/FindWork/Search?SortValue=CreationDate&Offset=13640;https://job.jobnet.dk/CV/FindWork/Search?SortValue=CreationDate&Offset=13640;104708;200;True;
15;download_jobposting;requests;1597307345.896811;-0.31421589851379395;https://job.jobnet.dk/CV/FindWork/Search?SortValue=CreationDate&Offset=1200;https://job.jobnet.dk/CV/FindWork/Search?SortValue=CreationDate&Offset=1200;103274;200;True;
16;download_jobposting;requests;1597307347.226783;-0.2661259174346924;https://job.jobnet.dk/CV/FindWork/Search?SortValue=CreationDate&Offset=2620;https://job.jobnet.dk/CV/FindWork/Search?SortValue=CreationDate&Offset=2620;106678;200;True;
17;download_jobposting;requests;1597307348.510287;-0.2604708671569824;https://job.jobnet.dk/CV/FindWork/Search?SortValue=CreationDate&Offset=1420;https://job.jobnet.dk/CV/FindWork/Search?SortValue=CreationDate&Offset=1420;103716;200;True;
18;download_jobposting;requests;1597307349.780208;-0.33791279792785645;https://job.jobnet.dk/CV/FindWork/Search?SortValue=CreationDate&Offset=9320;https://job.jobnet.dk/CV/FindWork/Search?SortValue=CreationDate&Offset=9320;104304;200;True;
19;download_jobposting;requests;1597307351.128119;-0.4078640937805176;https://job.jobnet.dk/CV/FindWork/Search?SortValue=CreationDate&Offset=2300;https://job.jobnet.dk/CV/FindWork/Search?SortValue=CreationDate&Offset=2300;103884;200;True;
20;mapping_categories;requests;1597307386.399585;-0.0934000015258789;https://www.trustpilot.com/categories;https://www.trustpilot.com/categories;237017;200;True;
21;mapping;requests;1597307668.879574;-0.0886988639831543;https://www.trustpilot.com/categories/art;https://www.trustpilot.com/categories/art_supply_store;1000172;200;True;
22;mapping_categories;requests;1597307710.686684;-0.24450397491455078;https://job.jobnet.dk/CV/FindWork/Search?SortValue=CreationDate&Offset=0;https://job.jobnet.dk/CV/FindWork/Search?SortValue=CreationDate&Offset=0;103714;200;True;
23;mapping_categories;requests;1597307711.436096;-0.3420400619506836;https://job.jobnet.dk/CV/FindWork/Search?SortValue=CreationDate&Offset=20;https://job.jobnet.dk/CV/FindWork/Search?SortValue=CreationDate&Offset=20;103468;200;True;
24;mapping_categories;requests;1597307712.282426;-0.3149268627166748;https://job.jobnet.dk/CV/FindWork/Search?SortValue=CreationDate&Offset=40;https://job.jobnet.dk/CV/FindWork/Search?SortValue=CreationDate&Offset=40;103915;200;True;
25;mapping_categories;requests;1597307713.1037729;-0.19928598403930664;https://job.jobnet.dk/CV/FindWork/Search?SortValue=CreationDate&Offset=60;https://job.jobnet.dk/CV/FindWork/Search?SortValue=CreationDate&Offset=60;103444;200;True;
26;mapping_categories;requests;1597307713.8068008;-0.20581912994384766;https://job.jobnet.dk/CV/FindWork/Search?SortValue=CreationDate&Offset=80;https://job.jobnet.dk/CV/FindWork/Search?SortValue=CreationDate&Offset=80;104078;200;True;
27;mapping_categories;requests;1597307714.5147488;-0.33577418327331543;https://job.jobnet.dk/CV/FindWork/Search?SortValue=CreationDate&Offset=100;https://job.jobnet.dk/CV/FindWork/Search?SortValue=CreationDate&Offset=100;103292;200;True;
28;mapping_categories;requests;1597307715.354429;-0.31469106674194336;https://job.jobnet.dk/CV/FindWork/Search?SortValue=CreationDate&Offset=120;https://job.jobnet.dk/CV/FindWork/Search?SortValue=CreationDate&Offset=120;103964;200;True;
29;mapping_categories;requests;1597307716.173144;-0.18986082077026367;https://job.jobnet.dk/CV/FindWork/Search?SortValue=CreationDate&Offset=140;https://job.jobnet.dk/CV/FindWork/Search?SortValue=CreationDate&Offset=140;104773;200;True;
30;mapping_categories;requests;1597307716.864966;-0.3398141860961914;https://job.jobnet.dk/CV/FindWork/Search?SortValue=CreationDate&Offset=160;https://job.jobnet.dk/CV/FindWork/Search?SortValue=CreationDate&Offset=160;103948;200;True;
31;mapping_categories;requests;1597307717.710918;-0.4156498908996582;https://job.jobnet.dk/CV/FindWork/Search?SortValue=CreationDate&Offset=180;https://job.jobnet.dk/CV/FindWork/Search?SortValue=CreationDate&Offset=180;105063;200;True;
32;mapping_categories;requests;1597307718.630645;-0.20420098304748535;https://job.jobnet.dk/CV/FindWork/Search?SortValue=CreationDate&Offset=200;https://job.jobnet.dk/CV/FindWork/Search?SortValue=CreationDate&Offset=200;105286;200;True;
33;mapping_categories;requests;1597307719.339112;-0.2131669521331787;https://job.jobnet.dk/CV/FindWork/Search?SortValue=CreationDate&Offset=220;https://job.jobnet.dk/CV/FindWork/Search?SortValue=CreationDate&Offset=220;104796;200;True;
34;mapping_categories;requests;1597307720.057431;-0.3266489505767822;https://job.jobnet.dk/CV/FindWork/Search?SortValue=CreationDate&Offset=240;https://job.jobnet.dk/CV/FindWork/Search?SortValue=CreationDate&Offset=240;105183;200;True;
35;mapping_categories;requests;1597307720.888103;-0.31108903884887695;https://job.jobnet.dk/CV/FindWork/Search?SortValue=CreationDate&Offset=260;https://job.jobnet.dk/CV/FindWork/Search?SortValue=CreationDate&Offset=260;102664;200;True;
36;mapping_categories;requests;1597307721.704112;-0.3143310546875;https://job.jobnet.dk/CV/FindWork/Search?SortValue=CreationDate&Offset=280;https://job.jobnet.dk/CV/FindWork/Search?SortValue=CreationDate&Offset=280;102618;200;True;
37;mapping_categories;requests;1597307722.521136;-0.20958709716796875;https://job.jobnet.dk/CV/FindWork/Search?SortValue=CreationDate&Offset=300;https://job.jobnet.dk/CV/FindWork/Search?SortValue=CreationDate&Offset=300;103170;200;True;
38;mapping_categories;requests;1597307723.2344692;-0.3202958106994629;https://job.jobnet.dk/CV/FindWork/Search?SortValue=CreationDate&Offset=320;https://job.jobnet.dk/CV/FindWork/Search?SortValue=CreationDate&Offset=320;106313;200;True;
39;mapping_categories;requests;1597307724.05839;-0.24504613876342773;https://job.jobnet.dk/CV/FindWork/Search?SortValue=CreationDate&Offset=340;https://job.jobnet.dk/CV/FindWork/Search?SortValue=CreationDate&Offset=340;103292;200;True;
40;mapping_categories;requests;1597307724.806931;-0.2149360179901123;https://job.jobnet.dk/CV/FindWork/Search?SortValue=CreationDate&Offset=360;https://job.jobnet.dk/CV/FindWork/Search?SortValue=CreationDate&Offset=360;104705;200;True;
41;mapping_categories;requests;1597307725.527164;-0.2285170555114746;https://job.jobnet.dk/CV/FindWork/Search?SortValue=CreationDate&Offset=380;https://job.jobnet.dk/CV/FindWork/Search?SortValue=CreationDate&Offset=380;105525;200;True;
42;mapping_categories;requests;1597307726.260579;-0.29102492332458496;https://job.jobnet.dk/CV/FindWork/Search?SortValue=CreationDate&Offset=400;https://job.jobnet.dk/CV/FindWork/Search?SortValue=CreationDate&Offset=400;105142;200;True;
43;mapping_categories;requests;1597307727.054701;-0.2574758529663086;https://job.jobnet.dk/CV/FindWork/Search?SortValue=CreationDate&Offset=420;https://job.jobnet.dk/CV/FindWork/Search?SortValue=CreationDate&Offset=420;104735;200;True;
44;mapping_categories;requests;1597307727.816635;-0.3437480926513672;https://job.jobnet.dk/CV/FindWork/Search?SortValue=CreationDate&Offset=440;https://job.jobnet.dk/CV/FindWork/Search?SortValue=CreationDate&Offset=440;104218;200;True;
45;mapping_categories;requests;1597307728.666084;-0.4173908233642578;https://job.jobnet.dk/CV/FindWork/Search?SortValue=CreationDate&Offset=460;https://job.jobnet.dk/CV/FindWork/Search?SortValue=CreationDate&Offset=460;104173;200;True;
46;mapping_categories;requests;1597307729.584752;-0.41965198516845703;https://job.jobnet.dk/CV/FindWork/Search?SortValue=CreationDate&Offset=480;https://job.jobnet.dk/CV/FindWork/Search?SortValue=CreationDate&Offset=480;103613;200;True;
47;mapping_categories;requests;1597307730.509462;-0.3149387836456299;https://job.jobnet.dk/CV/FindWork/Search?SortValue=CreationDate&Offset=500;https://job.jobnet.dk/CV/FindWork/Search?SortValue=CreationDate&Offset=500;103477;200;True;
48;mapping_categories;requests;1597307731.3288162;-0.25940680503845215;https://job.jobnet.dk/CV/FindWork/Search?SortValue=CreationDate&Offset=520;https://job.jobnet.dk/CV/FindWork/Search?SortValue=CreationDate&Offset=520;105124;200;True;
49;mapping_categories;requests;1597307732.091787;-0.3715498447418213;https://job.jobnet.dk/CV/FindWork/Search?SortValue=CreationDate&Offset=540;https://job.jobnet.dk/CV/FindWork/Search?SortValue=CreationDate&Offset=540;103990;200;True;
50;mapping_categories;requests;1597307732.968808;-0.3130531311035156;https://job.jobnet.dk/CV/FindWork/Search?SortValue=CreationDate&Offset=560;https://job.jobnet.dk/CV/FindWork/Search?SortValue=CreationDate&Offset=560;103830;200;True;
51;mapping_categories;requests;1597307733.783499;-0.31874513626098633;https://job.jobnet.dk/CV/FindWork/Search?SortValue=CreationDate&Offset=580;https://job.jobnet.dk/CV/FindWork/Search?SortValue=CreationDate&Offset=580;103480;200;True;
52;mapping_categories;requests;1597307734.6072052;-0.31342577934265137;https://job.jobnet.dk/CV/FindWork/Search?SortValue=CreationDate&Offset=600;https://job.jobnet.dk/CV/FindWork/Search?SortValue=CreationDate&Offset=600;104329;200;True;
53;mapping_categories;requests;1597307735.422511;-0.8312067985534668;https://job.jobnet.dk/CV/FindWork/Search?SortValue=CreationDate&Offset=620;https://job.jobnet.dk/CV/FindWork/Search?SortValue=CreationDate&Offset=620;104591;200;True;
54;mapping_categories;requests;1597307736.756692;-0.4182150363922119;https://job.jobnet.dk/CV/FindWork/Search?SortValue=CreationDate&Offset=640;https://job.jobnet.dk/CV/FindWork/Search?SortValue=CreationDate&Offset=640;103391;200;True;
55;mapping_categories;requests;1597307737.679735;-0.24481606483459473;https://job.jobnet.dk/CV/FindWork/Search?SortValue=CreationDate&Offset=660;https://job.jobnet.dk/CV/FindWork/Search?SortValue=CreationDate&Offset=660;104085;200;True;
56;mapping_categories;requests;1597307738.425835;-0.2822270393371582;https://job.jobnet.dk/CV/FindWork/Search?SortValue=CreationDate&Offset=680;https://job.jobnet.dk/CV/FindWork/Search?SortValue=CreationDate&Offset=680;103108;200;True;
57;mapping_categories;requests;1597307739.209855;-0.21111583709716797;https://job.jobnet.dk/CV/FindWork/Search?SortValue=CreationDate&Offset=700;https://job.jobnet.dk/CV/FindWork/Search?SortValue=CreationDate&Offset=700;104200;200;True;
58;mapping_categories;requests;1597307739.926611;-0.31992292404174805;https://job.jobnet.dk/CV/FindWork/Search?SortValue=CreationDate&Offset=720;https://job.jobnet.dk/CV/FindWork/Search?SortValue=CreationDate&Offset=720;104519;200;True;
59;mapping_categories;requests;1597307740.752347;-0.3121640682220459;https://job.jobnet.dk/CV/FindWork/Search?SortValue=CreationDate&Offset=740;https://job.jobnet.dk/CV/FindWork/Search?SortValue=CreationDate&Offset=740;103845;200;True;
60;mapping_categories;requests;1597307741.567266;-0.3202240467071533;https://job.jobnet.dk/CV/FindWork/Search?SortValue=CreationDate&Offset=760;https://job.jobnet.dk/CV/FindWork/Search?SortValue=CreationDate&Offset=760;102689;200;True;
61;mapping_categories;requests;1597307742.39234;-0.3100302219390869;https://job.jobnet.dk/CV/FindWork/Search?SortValue=CreationDate&Offset=780;https://job.jobnet.dk/CV/FindWork/Search?SortValue=CreationDate&Offset=780;102999;200;True;
62;mapping_categories;requests;1597307743.2080379;-0.31409215927124023;https://job.jobnet.dk/CV/FindWork/Search?SortValue=CreationDate&Offset=800;https://job.jobnet.dk/CV/FindWork/Search?SortValue=CreationDate&Offset=800;103855;200;True;
63;mapping_categories;requests;1597307744.026927;-0.5190019607543945;https://job.jobnet.dk/CV/FindWork/Search?SortValue=CreationDate&Offset=820;https://job.jobnet.dk/CV/FindWork/Search?SortValue=CreationDate&Offset=820;103591;200;True;
64;mapping_categories;requests;1597307745.0498052;-0.8296709060668945;https://job.jobnet.dk/CV/FindWork/Search?SortValue=CreationDate&Offset=840;https://job.jobnet.dk/CV/FindWork/Search?SortValue=CreationDate&Offset=840;103469;200;True;
65;mapping_categories;requests;1597307746.383007;-0.6235918998718262;https://job.jobnet.dk/CV/FindWork/Search?SortValue=CreationDate&Offset=860;https://job.jobnet.dk/CV/FindWork/Search?SortValue=CreationDate&Offset=860;104671;200;True;
66;mapping_categories;requests;1597307747.5113869;-0.41411924362182617;https://job.jobnet.dk/CV/FindWork/Search?SortValue=CreationDate&Offset=880;https://job.jobnet.dk/CV/FindWork/Search?SortValue=CreationDate&Offset=880;104329;200;True;
67;mapping_categories;requests;1597307748.430948;-0.3632657527923584;https://job.jobnet.dk/CV/FindWork/Search?SortValue=CreationDate&Offset=900;https://job.jobnet.dk/CV/FindWork/Search?SortValue=CreationDate&Offset=900;103607;200;True;
68;mapping_categories;requests;1597307749.2975519;-0.3681919574737549;https://job.jobnet.dk/CV/FindWork/Search?SortValue=CreationDate&Offset=920;https://job.jobnet.dk/CV/FindWork/Search?SortValue=CreationDate&Offset=920;104578;200;True;
69;mapping_categories;requests;1597307750.169597;-0.4201362133026123;https://job.jobnet.dk/CV/FindWork/Search?SortValue=CreationDate&Offset=940;https://job.jobnet.dk/CV/FindWork/Search?SortValue=CreationDate&Offset=940;103726;200;True;
70;mapping_categories;requests;1597307751.095511;-0.5161950588226318;https://job.jobnet.dk/CV/FindWork/Search?SortValue=CreationDate&Offset=960;https://job.jobnet.dk/CV/FindWork/Search?SortValue=CreationDate&Offset=960;106641;200;True;
71;mapping_categories;requests;1597307752.116349;-0.41730594635009766;https://job.jobnet.dk/CV/FindWork/Search?SortValue=CreationDate&Offset=980;https://job.jobnet.dk/CV/FindWork/Search?SortValue=CreationDate&Offset=980;107863;200;True;
72;mapping_categories;requests;1597307753.0394082;-0.9284167289733887;https://job.jobnet.dk/CV/FindWork/Search?SortValue=CreationDate&Offset=1000;https://job.jobnet.dk/CV/FindWork/Search?SortValue=CreationDate&Offset=1000;111331;200;True;
73;mapping_categories;requests;1597307754.471798;-0.8286011219024658;https://job.jobnet.dk/CV/FindWork/Search?SortValue=CreationDate&Offset=1020;https://job.jobnet.dk/CV/FindWork/Search?SortValue=CreationDate&Offset=1020;105969;200;True;
74;mapping_categories;requests;1597307755.806265;-1.6583778858184814;https://job.jobnet.dk/CV/FindWork/Search?SortValue=CreationDate&Offset=1040;https://job.jobnet.dk/CV/FindWork/Search?SortValue=CreationDate&Offset=1040;105671;200;True;
75;mapping_categories;requests;1597307757.967087;-2.567802906036377;https://job.jobnet.dk/CV/FindWork/Search?SortValue=CreationDate&Offset=1060;https://job.jobnet.dk/CV/FindWork/Search?SortValue=CreationDate&Offset=1060;104634;200;True;
76;mapping_categories;requests;1597307761.0366132;-0.5066628456115723;https://job.jobnet.dk/CV/FindWork/Search?SortValue=CreationDate&Offset=1080;https://job.jobnet.dk/CV/FindWork/Search?SortValue=CreationDate&Offset=1080;103310;200;True;
77;mapping_categories;requests;1597307762.04635;-0.3196098804473877;https://job.jobnet.dk/CV/FindWork/Search?SortValue=CreationDate&Offset=1100;https://job.jobnet.dk/CV/FindWork/Search?SortValue=CreationDate&Offset=1100;103847;200;True;
78;mapping_categories;requests;1597307762.8683789;-0.4171712398529053;https://job.jobnet.dk/CV/FindWork/Search?SortValue=CreationDate&Offset=1120;https://job.jobnet.dk/CV/FindWork/Search?SortValue=CreationDate&Offset=1120;103521;200;True;
79;mapping_categories;requests;1597307763.789288;-0.4180331230163574;https://job.jobnet.dk/CV/FindWork/Search?SortValue=CreationDate&Offset=1140;https://job.jobnet.dk/CV/FindWork/Search?SortValue=CreationDate&Offset=1140;104027;200;True;
80;mapping_categories;requests;1597307764.708523;-0.62186598777771;https://job.jobnet.dk/CV/FindWork/Search?SortValue=CreationDate&Offset=1160;https://job.jobnet.dk/CV/FindWork/Search?SortValue=CreationDate&Offset=1160;104058;200;True;
81;mapping_categories;requests;1597307765.83242;-0.5488178730010986;https://job.jobnet.dk/CV/FindWork/Search?SortValue=CreationDate&Offset=1180;https://job.jobnet.dk/CV/FindWork/Search?SortValue=CreationDate&Offset=1180;105081;200;True;
82;mapping_categories;requests;1597307766.883531;-0.5447170734405518;https://job.jobnet.dk/CV/FindWork/Search?SortValue=CreationDate&Offset=1200;https://job.jobnet.dk/CV/FindWork/Search?SortValue=CreationDate&Offset=1200;103464;200;True;
83;mapping_categories;requests;1597307767.9316978;-0.35398411750793457;https://job.jobnet.dk/CV/FindWork/Search?SortValue=CreationDate&Offset=1220;https://job.jobnet.dk/CV/FindWork/Search?SortValue=CreationDate&Offset=1220;103449;200;True;
84;mapping_categories;requests;1597307768.789154;-0.34092283248901367;https://job.jobnet.dk/CV/FindWork/Search?SortValue=CreationDate&Offset=1240;https://job.jobnet.dk/CV/FindWork/Search?SortValue=CreationDate&Offset=1240;103551;200;True;
85;mapping_categories;requests;1597307769.635576;-0.40774989128112793;https://job.jobnet.dk/CV/FindWork/Search?SortValue=CreationDate&Offset=1260;https://job.jobnet.dk/CV/FindWork/Search?SortValue=CreationDate&Offset=1260;103682;200;True;
86;mapping_categories;requests;1597307770.549102;-0.2962939739227295;https://job.jobnet.dk/CV/FindWork/Search?SortValue=CreationDate&Offset=1280;https://job.jobnet.dk/CV/FindWork/Search?SortValue=CreationDate&Offset=1280;104195;200;True;
87;mapping_categories;requests;1597307771.347287;-0.3389151096343994;https://job.jobnet.dk/CV/FindWork/Search?SortValue=CreationDate&Offset=1300;https://job.jobnet.dk/CV/FindWork/Search?SortValue=CreationDate&Offset=1300;103528;200;True;
88;mapping_categories;requests;1597307772.1889799;-0.4201653003692627;https://job.jobnet.dk/CV/FindWork/Search?SortValue=CreationDate&Offset=1320;https://job.jobnet.dk/CV/FindWork/Search?SortValue=CreationDate&Offset=1320;104006;200;True;
89;mapping_categories;requests;1597307773.113015;-0.41084718704223633;https://job.jobnet.dk/CV/FindWork/Search?SortValue=CreationDate&Offset=1340;https://job.jobnet.dk/CV/FindWork/Search?SortValue=CreationDate&Offset=1340;104278;200;True;
90;mapping_categories;requests;1597307774.024687;-0.3193507194519043;https://job.jobnet.dk/CV/FindWork/Search?SortValue=CreationDate&Offset=1360;https://job.jobnet.dk/CV/FindWork/Search?SortValue=CreationDate&Offset=1360;103573;200;True;
91;mapping_categories;requests;1597307774.8481731;-0.3138458728790283;https://job.jobnet.dk/CV/FindWork/Search?SortValue=CreationDate&Offset=1380;https://job.jobnet.dk/CV/FindWork/Search?SortValue=CreationDate&Offset=1380;103776;200;True;
92;mapping_categories;requests;1597307775.6658921;-0.3196229934692383;https://job.jobnet.dk/CV/FindWork/Search?SortValue=CreationDate&Offset=1400;https://job.jobnet.dk/CV/FindWork/Search?SortValue=CreationDate&Offset=1400;103931;200;True;
93;mapping_categories;requests;1597307776.4873269;-0.31726813316345215;https://job.jobnet.dk/CV/FindWork/Search?SortValue=CreationDate&Offset=1420;https://job.jobnet.dk/CV/FindWork/Search?SortValue=CreationDate&Offset=1420;103148;200;True;
94;mapping_categories;requests;1597307777.308225;-0.4169039726257324;https://job.jobnet.dk/CV/FindWork/Search?SortValue=CreationDate&Offset=1440;https://job.jobnet.dk/CV/FindWork/Search?SortValue=CreationDate&Offset=1440;103861;200;True;
95;mapping_categories;requests;1597307778.231137;-0.30515503883361816;https://job.jobnet.dk/CV/FindWork/Search?SortValue=CreationDate&Offset=1460;https://job.jobnet.dk/CV/FindWork/Search?SortValue=CreationDate&Offset=1460;103287;200;True;
96;mapping_categories;requests;1597307779.037803;-0.3220369815826416;https://job.jobnet.dk/CV/FindWork/Search?SortValue=CreationDate&Offset=1480;https://job.jobnet.dk/CV/FindWork/Search?SortValue=CreationDate&Offset=1480;104872;200;True;
97;mapping_categories;requests;1597307779.8648572;-0.3020946979522705;https://job.jobnet.dk/CV/FindWork/Search?SortValue=CreationDate&Offset=1500;https://job.jobnet.dk/CV/FindWork/Search?SortValue=CreationDate&Offset=1500;103476;200;True;
98;mapping_categories;requests;1597307780.6680121;-0.3321988582611084;https://job.jobnet.dk/CV/FindWork/Search?SortValue=CreationDate&Offset=1520;https://job.jobnet.dk/CV/FindWork/Search?SortValue=CreationDate&Offset=1520;103638;200;True;
99;mapping_categories;requests;1597307781.505905;-0.31369805335998535;https://job.jobnet.dk/CV/FindWork/Search?SortValue=CreationDate&Offset=1540;https://job.jobnet.dk/CV/FindWork/Search?SortValue=CreationDate&Offset=1540;103094;200;True;
100;mapping_categories;requests;1597307782.322177;-0.30429816246032715;https://job.jobnet.dk/CV/FindWork/Search?SortValue=CreationDate&Offset=1560;https://job.jobnet.dk/CV/FindWork/Search?SortValue=CreationDate&Offset=1560;103364;200;True;
101;mapping_categories;requests;1597307783.1302242;-0.28014683723449707;https://job.jobnet.dk/CV/FindWork/Search?SortValue=CreationDate&Offset=1580;https://job.jobnet.dk/CV/FindWork/Search?SortValue=CreationDate&Offset=1580;102956;200;True;
102;mapping_categories;requests;1597307783.91437;-0.2719748020172119;https://job.jobnet.dk/CV/FindWork/Search?SortValue=CreationDate&Offset=1600;https://job.jobnet.dk/CV/FindWork/Search?SortValue=CreationDate&Offset=1600;104302;200;True;
103;mapping_categories;requests;1597307784.6900852;-0.3035929203033447;https://job.jobnet.dk/CV/FindWork/Search?SortValue=CreationDate&Offset=1620;https://job.jobnet.dk/CV/FindWork/Search?SortValue=CreationDate&Offset=1620;103875;200;True;
104;mapping_categories;requests;1597307785.496821;-0.3151249885559082;https://job.jobnet.dk/CV/FindWork/Search?SortValue=CreationDate&Offset=1640;https://job.jobnet.dk/CV/FindWork/Search?SortValue=CreationDate&Offset=1640;103847;200;True;
105;mapping_categories;requests;1597307786.313983;-0.3180999755859375;https://job.jobnet.dk/CV/FindWork/Search?SortValue=CreationDate&Offset=1660;https://job.jobnet.dk/CV/FindWork/Search?SortValue=CreationDate&Offset=1660;103760;200;True;
106;mapping_categories;requests;1597307787.1349409;-0.31697893142700195;https://job.jobnet.dk/CV/FindWork/Search?SortValue=CreationDate&Offset=1680;https://job.jobnet.dk/CV/FindWork/Search?SortValue=CreationDate&Offset=1680;104746;200;True;
107;mapping_categories;requests;1597307787.95622;-0.3145451545715332;https://job.jobnet.dk/CV/FindWork/Search?SortValue=CreationDate&Offset=1700;https://job.jobnet.dk/CV/FindWork/Search?SortValue=CreationDate&Offset=1700;104212;200;True;
108;mapping_categories;requests;1597307788.777494;-0.3157949447631836;https://job.jobnet.dk/CV/FindWork/Search?SortValue=CreationDate&Offset=1720;https://job.jobnet.dk/CV/FindWork/Search?SortValue=CreationDate&Offset=1720;103511;200;True;
109;mapping_categories;requests;1597307789.597641;-0.3115959167480469;https://job.jobnet.dk/CV/FindWork/Search?SortValue=CreationDate&Offset=1740;https://job.jobnet.dk/CV/FindWork/Search?SortValue=CreationDate&Offset=1740;103386;200;True;
110;mapping_categories;requests;1597307790.414079;-0.41863298416137695;https://job.jobnet.dk/CV/FindWork/Search?SortValue=CreationDate&Offset=1760;https://job.jobnet.dk/CV/FindWork/Search?SortValue=CreationDate&Offset=1760;104078;200;True;
111;mapping_categories;requests;1597307791.336181;-0.259354829788208;https://job.jobnet.dk/CV/FindWork/Search?SortValue=CreationDate&Offset=1780;https://job.jobnet.dk/CV/FindWork/Search?SortValue=CreationDate&Offset=1780;108057;200;True;
112;mapping_categories;requests;1597307792.099243;-0.21616101264953613;https://job.jobnet.dk/CV/FindWork/Search?SortValue=CreationDate&Offset=1800;https://job.jobnet.dk/CV/FindWork/Search?SortValue=CreationDate&Offset=1800;106456;200;True;
113;mapping_categories;requests;1597307792.818675;-0.3674647808074951;https://job.jobnet.dk/CV/FindWork/Search?SortValue=CreationDate&Offset=1820;https://job.jobnet.dk/CV/FindWork/Search?SortValue=CreationDate&Offset=1820;105890;200;True;
114;mapping_categories;requests;1597307793.6892421;-0.31604576110839844;https://job.jobnet.dk/CV/FindWork/Search?SortValue=CreationDate&Offset=1840;https://job.jobnet.dk/CV/FindWork/Search?SortValue=CreationDate&Offset=1840;103070;200;True;
115;mapping_categories;requests;1597307794.509899;-0.31317901611328125;https://job.jobnet.dk/CV/FindWork/Search?SortValue=CreationDate&Offset=1860;https://job.jobnet.dk/CV/FindWork/Search?SortValue=CreationDate&Offset=1860;104527;200;True;
116;mapping_categories;requests;1597307795.328624;-0.4165458679199219;https://job.jobnet.dk/CV/FindWork/Search?SortValue=CreationDate&Offset=1880;https://job.jobnet.dk/CV/FindWork/Search?SortValue=CreationDate&Offset=1880;104304;200;True;
117;mapping_categories;requests;1597307796.248482;-0.4198758602142334;https://job.jobnet.dk/CV/FindWork/Search?SortValue=CreationDate&Offset=1900;https://job.jobnet.dk/CV/FindWork/Search?SortValue=CreationDate&Offset=1900;104276;200;True;
118;mapping_categories;requests;1597307797.173291;-1.3635101318359375;https://job.jobnet.dk/CV/FindWork/Search?SortValue=CreationDate&Offset=1920;https://job.jobnet.dk/CV/FindWork/Search?SortValue=CreationDate&Offset=1920;103586;200;True;
119;mapping_categories;requests;1597307799.042252;-0.39312005043029785;https://job.jobnet.dk/CV/FindWork/Search?SortValue=CreationDate&Offset=1940;https://job.jobnet.dk/CV/FindWork/Search?SortValue=CreationDate&Offset=1940;103911;200;True;
120;mapping_categories;requests;1597307799.941375;-0.3103978633880615;https://job.jobnet.dk/CV/FindWork/Search?SortValue=CreationDate&Offset=1960;https://job.jobnet.dk/CV/FindWork/Search?SortValue=CreationDate&Offset=1960;102635;200;True;
121;mapping_categories;requests;1597307800.758259;-0.3150460720062256;https://job.jobnet.dk/CV/FindWork/Search?SortValue=CreationDate&Offset=1980;https://job.jobnet.dk/CV/FindWork/Search?SortValue=CreationDate&Offset=1980;103806;200;True;
122;mapping_categories;requests;1597307801.5776908;-0.3164043426513672;https://job.jobnet.dk/CV/FindWork/Search?SortValue=CreationDate&Offset=2000;https://job.jobnet.dk/CV/FindWork/Search?SortValue=CreationDate&Offset=2000;103699;200;True;
123;mapping_categories;requests;1597307802.399443;-0.27736401557922363;https://job.jobnet.dk/CV/FindWork/Search?SortValue=CreationDate&Offset=2020;https://job.jobnet.dk/CV/FindWork/Search?SortValue=CreationDate&Offset=2020;103350;200;True;
124;mapping_categories;requests;1597307803.1816928;-0.34897923469543457;https://job.jobnet.dk/CV/FindWork/Search?SortValue=CreationDate&Offset=2040;https://job.jobnet.dk/CV/FindWork/Search?SortValue=CreationDate&Offset=2040;103542;200;True;
125;mapping_categories;requests;1597307804.0349991;-0.5189917087554932;https://job.jobnet.dk/CV/FindWork/Search?SortValue=CreationDate&Offset=2060;https://job.jobnet.dk/CV/FindWork/Search?SortValue=CreationDate&Offset=2060;104708;200;True;
2;download_jobposting;requests;1597307812.469991;-0.3773660659790039;https://job.jobnet.dk/CV/FindWork/Search?SortValue=CreationDate&Offset=7660;https://job.jobnet.dk/CV/FindWork/Search?SortValue=CreationDate&Offset=7660;104738;200;True;
3;download_jobposting;requests;1597307813.858777;-0.5267999172210693;https://job.jobnet.dk/CV/FindWork/Search?SortValue=CreationDate&Offset=9420;https://job.jobnet.dk/CV/FindWork/Search?SortValue=CreationDate&Offset=9420;103837;200;True;
4;download_jobposting;requests;1597307815.399532;-0.41690587997436523;https://job.jobnet.dk/CV/FindWork/Search?SortValue=CreationDate&Offset=3900;https://job.jobnet.dk/CV/FindWork/Search?SortValue=CreationDate&Offset=3900;103019;200;True;
5;download_jobposting;requests;1597307816.830411;-0.4669990539550781;https://job.jobnet.dk/CV/FindWork/Search?SortValue=CreationDate&Offset=11180;https://job.jobnet.dk/CV/FindWork/Search?SortValue=CreationDate&Offset=11180;103836;200;True;
6;download_jobposting;requests;1597307818.3128052;-0.3482499122619629;https://job.jobnet.dk/CV/FindWork/Search?SortValue=CreationDate&Offset=3560;https://job.jobnet.dk/CV/FindWork/Search?SortValue=CreationDate&Offset=3560;103951;200;True;
7;download_jobposting;requests;1597307819.675039;-0.4420897960662842;https://job.jobnet.dk/CV/FindWork/Search?SortValue=CreationDate&Offset=10760;https://job.jobnet.dk/CV/FindWork/Search?SortValue=CreationDate&Offset=10760;103290;200;True;
8;download_jobposting;requests;1597307821.127368;-0.3232738971710205;https://job.jobnet.dk/CV/FindWork/Search?SortValue=CreationDate&Offset=9920;https://job.jobnet.dk/CV/FindWork/Search?SortValue=CreationDate&Offset=9920;105199;200;True;
9;download_jobposting;requests;1597307822.464288;-0.4180119037628174;https://job.jobnet.dk/CV/FindWork/Search?SortValue=CreationDate&Offset=12140;https://job.jobnet.dk/CV/FindWork/Search?SortValue=CreationDate&Offset=12140;103495;200;True;
10;download_jobposting;requests;1597307823.8930051;-0.42345190048217773;https://job.jobnet.dk/CV/FindWork/Search?SortValue=CreationDate&Offset=8960;https://job.jobnet.dk/CV/FindWork/Search?SortValue=CreationDate&Offset=8960;104832;200;True;
11;download_jobposting;requests;1597307825.3252008;-0.3253450393676758;https://job.jobnet.dk/CV/FindWork/Search?SortValue=CreationDate&Offset=3880;https://job.jobnet.dk/CV/FindWork/Search?SortValue=CreationDate&Offset=3880;104657;200;True;
12;download_jobposting;requests;1597307826.6614459;-0.427692174911499;https://job.jobnet.dk/CV/FindWork/Search?SortValue=CreationDate&Offset=380;https://job.jobnet.dk/CV/FindWork/Search?SortValue=CreationDate&Offset=380;105272;200;True;
13;download_jobposting;requests;1597307828.100897;-0.36683082580566406;https://job.jobnet.dk/CV/FindWork/Search?SortValue=CreationDate&Offset=3040;https://job.jobnet.dk/CV/FindWork/Search?SortValue=CreationDate&Offset=3040;104068;200;True;
14;download_jobposting;requests;1597307829.4763808;-0.3681032657623291;https://job.jobnet.dk/CV/FindWork/Search?SortValue=CreationDate&Offset=11760;https://job.jobnet.dk/CV/FindWork/Search?SortValue=CreationDate&Offset=11760;102543;200;True;
15;download_jobposting;requests;1597307830.857926;-0.42214512825012207;https://job.jobnet.dk/CV/FindWork/Search?SortValue=CreationDate&Offset=4020;https://job.jobnet.dk/CV/FindWork/Search?SortValue=CreationDate&Offset=4020;104743;200;True;
16;download_jobposting;requests;1597307832.289938;-0.4262421131134033;https://job.jobnet.dk/CV/FindWork/Search?SortValue=CreationDate&Offset=11740;https://job.jobnet.dk/CV/FindWork/Search?SortValue=CreationDate&Offset=11740;104335;200;True;
17;download_jobposting;requests;1597307833.730263;-0.4156501293182373;https://job.jobnet.dk/CV/FindWork/Search?SortValue=CreationDate&Offset=860;https://job.jobnet.dk/CV/FindWork/Search?SortValue=CreationDate&Offset=860;105031;200;True;
18;download_jobposting;requests;1597307835.1586702;-0.32318997383117676;https://job.jobnet.dk/CV/FindWork/Search?SortValue=CreationDate&Offset=640;https://job.jobnet.dk/CV/FindWork/Search?SortValue=CreationDate&Offset=640;103368;200;True;
19;download_jobposting;requests;1597307836.5014222;-0.3226017951965332;https://job.jobnet.dk/CV/FindWork/Search?SortValue=CreationDate&Offset=12420;https://job.jobnet.dk/CV/FindWork/Search?SortValue=CreationDate&Offset=12420;103349;200;True;
20;download_jobposting;requests;1597307837.838624;-0.40960216522216797;https://job.jobnet.dk/CV/FindWork/Search?SortValue=CreationDate&Offset=9280;https://job.jobnet.dk/CV/FindWork/Search?SortValue=CreationDate&Offset=9280;104706;200;True;
21;download_jobposting;requests;1597307839.262018;-0.3223400115966797;https://job.jobnet.dk/CV/FindWork/Search?SortValue=CreationDate&Offset=7080;https://job.jobnet.dk/CV/FindWork/Search?SortValue=CreationDate&Offset=7080;102590;200;True;
22;mapping_categories;requests;1597307840.643541;-0.11848998069763184;https://www.trustpilot.com/categories;https://www.trustpilot.com/categories;237017;200;True;
23;mapping;requests;1597307841.291081;-0.07616305351257324;https://www.trustpilot.com/categories/art;https://www.trustpilot.com/categories/art_supply_store;1000172;200;True;
24;mapping_categories;requests;1597307841.895723;-0.03370380401611328;https://www.trustpilot.com/categories/construction_manufactoring;https://www.trustpilot.com/categories/construction_manufactoring;1040066;200;True;
25;mapping_categories;requests;1597307842.447244;-0.030903100967407227;https://www.trustpilot.com/categories/music_instruments;https://www.trustpilot.com/categories/music_instruments;1005050;200;True;
26;mapping_categories;requests;1597307842.9975958;-0.03181743621826172;https://www.trustpilot.com/categories/cars_trucks;https://www.trustpilot.com/categories/cars_trucks;1002126;200;True;
27;mapping_categories;requests;1597307843.550428;-0.02085113525390625;https://www.trustpilot.com/categories/hockey_ice_skating;https://www.trustpilot.com/categories/hockey_ice_skating;938284;200;True;
28;mapping_categories;requests;1597307844.083531;-0.049690961837768555;https://www.trustpilot.com/categories/tennis_racquet_sports;https://www.trustpilot.com/categories/tennis_racquet_sports;959445;200;True;
29;mapping_categories;requests;1597307844.6531541;-0.032190799713134766;https://www.trustpilot.com/categories/clothing_rental_repair;https://www.trustpilot.com/categories/clothing_rental_repair;962527;200;True;
30;mapping_categories;requests;1597307845.202015;-0.026040077209472656;https://www.trustpilot.com/categories/housing_associations;https://www.trustpilot.com/categories/housing_associations;945104;200;True;
31;mapping_categories;requests;1597307845.743316;-0.03192400932312012;https://www.trustpilot.com/categories/accomodations_lodging;https://www.trustpilot.com/categories/accomodations_lodging;1013034;200;True;
32;mapping_categories;requests;1597307846.298499;-0.03169989585876465;https://www.trustpilot.com/categories/clubbing_nightlife;https://www.trustpilot.com/categories/clubbing_nightlife;940786;200;True;
33;mapping_categories;requests;1597307846.853069;-0.03189682960510254;https://www.trustpilot.com/categories/dental_services;https://www.trustpilot.com/categories/dental_services;1017571;200;True;
34;mapping_categories;requests;1597307847.408592;-0.024079084396362305;https://www.trustpilot.com/categories/business_services;https://www.trustpilot.com/categories/business_services;977138;200;True;
35;mapping_categories;requests;1597307847.948029;-0.04478883743286133;https://www.trustpilot.com/categories/accessories;https://www.trustpilot.com/categories/fashion_accessories_store;999797;200;True;
36;mapping_categories;requests;1597307848.508147;-0.032498836517333984;https://www.trustpilot.com/categories/energy_power;https://www.trustpilot.com/categories/energy_power;1007562;200;True;
37;mapping_categories;requests;1597307849.062648;-0.02656698226928711;https://www.trustpilot.com/categories/meat_seafood_eggs;https://www.trustpilot.com/categories/meat_seafood_eggs;997778;200;True;
38;mapping_categories;requests;1597307849.6094751;-0.030904769897460938;https://www.trustpilot.com/categories/taxis_public_transport;https://www.trustpilot.com/categories/taxis_public_transport;1004055;200;True;
39;mapping_categories;requests;1597307850.1586518;-0.030811309814453125;https://www.trustpilot.com/categories/doctors_surgeons;https://www.trustpilot.com/categories/doctors_surgeons;1002185;200;True;
40;mapping_categories;requests;1597307850.710447;-0.03475594520568848;https://www.trustpilot.com/categories/courses_classes;https://www.trustpilot.com/categories/courses_classes;992842;200;True;
41;mapping_categories;requests;1597307851.268533;-0.03405308723449707;https://www.trustpilot.com/categories/travel_vacation;https://www.trustpilot.com/categories/travel_vacation;950646;200;True;
42;mapping_categories;requests;1597307851.82267;-0.02936720848083496;https://www.trustpilot.com/categories/european_cuisine;https://www.trustpilot.com/categories/european_cuisine;940801;200;True;
43;mapping_categories;requests;1597307852.37302;-0.030720949172973633;https://www.trustpilot.com/categories/sports;https://www.trustpilot.com/categories/sports;1015484;200;True;
44;mapping_categories;requests;1597307852.924175;-0.03305411338806152;https://www.trustpilot.com/categories/home_garden_services;https://www.trustpilot.com/categories/home_garden_services;1006631;200;True;
45;mapping_categories;requests;1597307853.481659;-0.03398013114929199;https://www.trustpilot.com/categories/takeaway;https://www.trustpilot.com/categories/takeaway;999374;200;True;
46;mapping_categories;requests;1597307854.0391722;-0.05290699005126953;https://www.trustpilot.com/categories/malls_marketplaces;https://www.trustpilot.com/categories/malls_marketplaces;1007882;200;True;
47;mapping_categories;requests;1597307854.612407;-0.027070045471191406;https://www.trustpilot.com/categories/health_medical;https://www.trustpilot.com/categories/health_medical;1027433;200;True;
48;mapping_categories;requests;1597307855.158039;-0.030823945999145508;https://www.trustpilot.com/categories/real_estate;https://www.trustpilot.com/categories/real_estate;999213;200;True;
49;mapping_categories;requests;1597307855.71321;-0.03371286392211914;https://www.trustpilot.com/categories/wholesale;https://www.trustpilot.com/categories/wholesale;1013349;200;True;
50;mapping_categories;requests;1597307856.267769;-0.02607893943786621;https://www.trustpilot.com/categories/music_theater_classes;https://www.trustpilot.com/categories/music_theater_classes;947476;200;True;
51;mapping_categories;requests;1597307856.8141491;-0.028136014938354492;https://www.trustpilot.com/categories/chemicals_plastic;https://www.trustpilot.com/categories/chemicals_plastic;943948;200;True;
52;mapping_categories;requests;1597307857.3601751;-2.110172986984253;https://www.trustpilot.com/categories/auto_parts_wheels;https://www.trustpilot.com/categories/auto_parts_wheels;1022289;200;True;
53;mapping_categories;requests;1597307859.994824;-0.8040120601654053;https://www.trustpilot.com/categories/events_entertainment;https://www.trustpilot.com/categories/events_entertainment;1014796;200;True;
54;mapping_categories;requests;1597307861.3180869;-0.03459501266479492;https://www.trustpilot.com/categories/contractors_consultants;https://www.trustpilot.com/categories/contractors_consultants;1039776;200;True;
55;mapping_categories;requests;1597307861.871373;-0.0340418815612793;https://www.trustpilot.com/categories/beer_wine;https://www.trustpilot.com/categories/beer_wine;997638;200;True;
56;mapping_categories;requests;1597307862.4275572;-0.030551671981811523;https://www.trustpilot.com/categories/audio_visual;https://www.trustpilot.com/categories/audio_visual;1005281;200;True;
57;mapping_categories;requests;1597307862.979142;-0.027354955673217773;https://www.trustpilot.com/categories/electronics_technology;https://www.trustpilot.com/categories/electronics_technology;1013409;200;True;
58;mapping_categories;requests;1597307863.529171;-0.036805152893066406;https://www.trustpilot.com/categories/money_insurance;https://www.trustpilot.com/categories/money_insurance;1014899;200;True;
59;mapping_categories;requests;1597307864.084131;-0.03548908233642578;https://www.trustpilot.com/categories/vision_hearing;https://www.trustpilot.com/categories/vision_hearing;999423;200;True;
60;mapping_categories;requests;1597307864.640327;-0.03423500061035156;https://www.trustpilot.com/categories/registration_services;https://www.trustpilot.com/categories/registration_services;1011947;200;True;
61;mapping_categories;requests;1597307865.192047;-0.033803701400756836;https://www.trustpilot.com/categories/education_training;https://www.trustpilot.com/categories/education_training;1013098;200;True;
62;mapping_categories;requests;1597307865.747233;-0.03362011909484863;https://www.trustpilot.com/categories/museums_exibits;https://www.trustpilot.com/categories/museums_exibits;991375;200;True;
63;mapping_categories;requests;1597307866.2984939;-0.03244209289550781;https://www.trustpilot.com/categories/investments_wealth;https://www.trustpilot.com/categories/investments_wealth;1015479;200;True;
64;mapping_categories;requests;1597307866.850742;-0.02481675148010254;https://www.trustpilot.com/categories/bat-and-ball_games;https://www.trustpilot.com/categories/bat-and-ball_games;936008;200;True;
65;mapping_categories;requests;1597307867.394221;-0.05134177207946777;https://www.trustpilot.com/categories/construction_services;https://www.trustpilot.com/categories/construction_services;980736;200;True;
66;mapping_categories;requests;1597307867.967293;-0.04624295234680176;https://www.trustpilot.com/categories/insurance;https://www.trustpilot.com/categories/insurance_agency;1008962;200;True;
67;mapping_categories;requests;1597307868.536941;-0.033535003662109375;https://www.trustpilot.com/categories/fabric_stationary;https://www.trustpilot.com/categories/fabric_stationary;985326;200;True;
68;mapping_categories;requests;1597307869.0934458;-0.027265071868896484;https://www.trustpilot.com/categories/clothing_underwear;https://www.trustpilot.com/categories/clothing_underwear;1023266;200;True;
69;mapping_categories;requests;1597307869.642535;-0.033226966857910156;https://www.trustpilot.com/categories/outdoor_activities;https://www.trustpilot.com/categories/outdoor_activities;1028653;200;True;
70;mapping_categories;requests;1597307870.197595;-0.022585153579711914;https://www.trustpilot.com/categories/religious_institutions;https://www.trustpilot.com/categories/religious_institutions;958320;200;True;
71;mapping_categories;requests;1597307870.7346408;-0.03201103210449219;https://www.trustpilot.com/categories/art_handicraft;https://www.trustpilot.com/categories/art_handicraft;1003632;200;True;
72;mapping_categories;requests;1597307871.289026;-0.03327584266662598;https://www.trustpilot.com/categories/vehicles_transportation;https://www.trustpilot.com/categories/vehicles_transportation;1023277;200;True;
73;mapping_categories;requests;1597307871.8427289;-0.03194928169250488;https://www.trustpilot.com/categories/hair_care_styling;https://www.trustpilot.com/categories/hair_care_styling;1008799;200;True;
74;mapping_categories;requests;1597307872.390662;-0.02907419204711914;https://www.trustpilot.com/categories/public_local_services;https://www.trustpilot.com/categories/public_local_services;1014454;200;True;
75;mapping_categories;requests;1597307872.940481;-0.03497195243835449;https://www.trustpilot.com/categories/costume_wedding;https://www.trustpilot.com/categories/costume_wedding;1001024;200;True;
76;mapping_categories;requests;1597307873.495252;-0.03588104248046875;https://www.trustpilot.com/categories/animal_parks_zoo;https://www.trustpilot.com/categories/animal_parks_zoo;935886;200;True;
77;mapping_categories;requests;1597307874.052373;-0.03138613700866699;https://www.trustpilot.com/categories/associations_centers;https://www.trustpilot.com/categories/associations_centers;967417;200;True;
78;mapping_categories;requests;1597307874.602901;-0.030894041061401367;https://www.trustpilot.com/categories/government_department;https://www.trustpilot.com/categories/government_department;943324;200;True;
79;mapping_categories;requests;1597307875.1533802;-0.0352177619934082;https://www.trustpilot.com/categories/appliances_electronics;https://www.trustpilot.com/categories/appliances_electronics;1023412;200;True;
80;mapping_categories;requests;1597307875.7140129;-0.03316521644592285;https://www.trustpilot.com/categories/vocational_training;https://www.trustpilot.com/categories/vocational_training;1012135;200;True;
81;mapping_categories;requests;1597307876.265551;-0.041989803314208984;https://www.trustpilot.com/categories/fruits_vegetables;https://www.trustpilot.com/categories/fruits_vegetables;971521;200;True;
82;mapping_categories;requests;1597307876.824067;-0.031191110610961914;https://www.trustpilot.com/categories/home_garden;https://www.trustpilot.com/categories/home_garden;1030994;200;True;
83;mapping_categories;requests;1597307877.3734689;-0.03723430633544922;https://www.trustpilot.com/categories/food_production;https://www.trustpilot.com/categories/food_production;1005041;200;True;
84;mapping_categories;requests;1597307877.929186;-0.031999826431274414;https://www.trustpilot.com/categories/funeral_memorial;https://www.trustpilot.com/categories/funeral_memorial;963259;200;True;
85;mapping_categories;requests;1597307878.4794528;-0.033004045486450195;https://www.trustpilot.com/categories/asian_grocery_stores;https://www.trustpilot.com/categories/asian_grocery_stores;937643;200;True;
86;mapping_categories;requests;1597307879.032704;-0.05479788780212402;https://www.trustpilot.com/categories/gambling;https://www.trustpilot.com/categories/gambling_house;971816;200;True;
87;mapping_categories;requests;1597307879.609043;-0.033056020736694336;https://www.trustpilot.com/categories/tools_equipment;https://www.trustpilot.com/categories/tools_equipment;1015549;200;True;
88;mapping_categories;requests;1597307880.165517;-0.02615499496459961;https://www.trustpilot.com/categories/coffee_tea;https://www.trustpilot.com/categories/coffee_tea;1011688;200;True;
89;mapping_categories;requests;1597307880.709028;-0.0326380729675293;https://www.trustpilot.com/categories/theater_opera;https://www.trustpilot.com/categories/theater_opera;936477;200;True;
9;download_jobposting;requests;1597307952.602508;-0.4584619998931885;https://job.jobnet.dk/CV/FindWork/Search?SortValue=CreationDate&Offset=5000;https://job.jobnet.dk/CV/FindWork/Search?SortValue=CreationDate&Offset=5000;103364;200;True;
10;download_jobposting;requests;1597307954.074063;-0.4199340343475342;https://job.jobnet.dk/CV/FindWork/Search?SortValue=CreationDate&Offset=9940;https://job.jobnet.dk/CV/FindWork/Search?SortValue=CreationDate&Offset=9940;104273;200;True;
11;download_jobposting;requests;1597307955.510828;-0.31432080268859863;https://job.jobnet.dk/CV/FindWork/Search?SortValue=CreationDate&Offset=4260;https://job.jobnet.dk/CV/FindWork/Search?SortValue=CreationDate&Offset=4260;103906;200;True;
12;download_jobposting;requests;1597307956.83711;-0.32831597328186035;https://job.jobnet.dk/CV/FindWork/Search?SortValue=CreationDate&Offset=9160;https://job.jobnet.dk/CV/FindWork/Search?SortValue=CreationDate&Offset=9160;104305;200;True;
13;download_jobposting;requests;1597307958.180834;-0.5087659358978271;https://job.jobnet.dk/CV/FindWork/Search?SortValue=CreationDate&Offset=9540;https://job.jobnet.dk/CV/FindWork/Search?SortValue=CreationDate&Offset=9540;103607;200;True;
14;download_jobposting;requests;1597307959.7019362;-0.4386897087097168;https://job.jobnet.dk/CV/FindWork/Search?SortValue=CreationDate&Offset=4840;https://job.jobnet.dk/CV/FindWork/Search?SortValue=CreationDate&Offset=4840;102773;200;True;
15;download_jobposting;requests;1597307961.152523;-0.3608980178833008;https://job.jobnet.dk/CV/FindWork/Search?SortValue=CreationDate&Offset=8240;https://job.jobnet.dk/CV/FindWork/Search?SortValue=CreationDate&Offset=8240;103360;200;True;
16;download_jobposting;requests;1597307962.527272;-0.3448319435119629;https://job.jobnet.dk/CV/FindWork/Search?SortValue=CreationDate&Offset=2780;https://job.jobnet.dk/CV/FindWork/Search?SortValue=CreationDate&Offset=2780;103653;200;True;
17;download_jobposting;requests;1597307963.8832798;-0.48532605171203613;https://job.jobnet.dk/CV/FindWork/Search?SortValue=CreationDate&Offset=3600;https://job.jobnet.dk/CV/FindWork/Search?SortValue=CreationDate&Offset=3600;103386;200;True;
18;download_jobposting;requests;1597307965.3824599;-0.37421417236328125;https://job.jobnet.dk/CV/FindWork/Search?SortValue=CreationDate&Offset=5500;https://job.jobnet.dk/CV/FindWork/Search?SortValue=CreationDate&Offset=5500;103549;200;True;
19;download_jobposting;requests;1597307966.770612;-0.3643341064453125;https://job.jobnet.dk/CV/FindWork/Search?SortValue=CreationDate&Offset=5720;https://job.jobnet.dk/CV/FindWork/Search?SortValue=CreationDate&Offset=5720;103816;200;True;
20;download_jobposting;requests;1597307968.1465511;-0.3746497631072998;https://job.jobnet.dk/CV/FindWork/Search?SortValue=CreationDate&Offset=8440;https://job.jobnet.dk/CV/FindWork/Search?SortValue=CreationDate&Offset=8440;104307;200;True;
21;download_jobposting;requests;1597307969.535496;-0.4193849563598633;https://job.jobnet.dk/CV/FindWork/Search?SortValue=CreationDate&Offset=2180;https://job.jobnet.dk/CV/FindWork/Search?SortValue=CreationDate&Offset=2180;104038;200;True;
22;download_jobposting;requests;1597307970.968025;-0.4207592010498047;https://job.jobnet.dk/CV/FindWork/Search?SortValue=CreationDate&Offset=9840;https://job.jobnet.dk/CV/FindWork/Search?SortValue=CreationDate&Offset=9840;105590;200;True;
23;download_jobposting;requests;1597307972.402561;-0.3563849925994873;https://job.jobnet.dk/CV/FindWork/Search?SortValue=CreationDate&Offset=11080;https://job.jobnet.dk/CV/FindWork/Search?SortValue=CreationDate&Offset=11080;102690;200;True;
24;download_jobposting;requests;1597307973.771845;-0.38336682319641113;https://job.jobnet.dk/CV/FindWork/Search?SortValue=CreationDate&Offset=6460;https://job.jobnet.dk/CV/FindWork/Search?SortValue=CreationDate&Offset=6460;103510;200;True;
25;download_jobposting;requests;1597307975.169482;-0.5198149681091309;https://job.jobnet.dk/CV/FindWork/Search?SortValue=CreationDate&Offset=8940;https://job.jobnet.dk/CV/FindWork/Search?SortValue=CreationDate&Offset=8940;105268;200;True;
26;download_jobposting;requests;1597307976.701956;-0.42072606086730957;https://job.jobnet.dk/CV/FindWork/Search?SortValue=CreationDate&Offset=2540;https://job.jobnet.dk/CV/FindWork/Search?SortValue=CreationDate&Offset=2540;106139;200;True;
27;download_jobposting;requests;1597307978.1370182;-0.41969776153564453;https://job.jobnet.dk/CV/FindWork/Search?SortValue=CreationDate&Offset=10500;https://job.jobnet.dk/CV/FindWork/Search?SortValue=CreationDate&Offset=10500;104648;200;True;
28;download_jobposting;requests;1597307979.5691981;-0.625443696975708;https://job.jobnet.dk/CV/FindWork/Search?SortValue=CreationDate&Offset=13440;https://job.jobnet.dk/CV/FindWork/Search?SortValue=CreationDate&Offset=13440;104295;200;True;
29;mapping_categories;requests;1597307986.5084312;-0.08733963966369629;https://www.trustpilot.com/categories;https://www.trustpilot.com/categories;237017;200;True;
30;mapping;requests;1597307989.741769;-0.06402993202209473;https://www.trustpilot.com/categories/art;https://www.trustpilot.com/categories/art_supply_store;1000172;200;True;
31;mapping_categories;requests;1597307994.7196312;-0.029561758041381836;https://www.trustpilot.com/categories/administration_services;https://www.trustpilot.com/categories/administration_services;1017867;200;True;
32;mapping_categories;requests;1597307995.270611;-0.03216409683227539;https://www.trustpilot.com/categories/vocational_training;https://www.trustpilot.com/categories/vocational_training;1012135;200;True;
33;mapping_categories;requests;1597307995.822627;-0.03321385383605957;https://www.trustpilot.com/categories/middle_eastern_cuisine;https://www.trustpilot.com/categories/middle_eastern_cuisine;936671;200;True;
34;mapping_categories;requests;1597307996.37792;-0.028396129608154297;https://www.trustpilot.com/categories/tattoos_piercings;https://www.trustpilot.com/categories/tattoos_piercings;939719;200;True;
35;mapping_categories;requests;1597307996.924812;-0.031188011169433594;https://www.trustpilot.com/categories/tobacco_store;https://www.trustpilot.com/categories/tobacco_store;949836;200;True;
36;mapping_categories;requests;1597307997.477563;-0.045429229736328125;https://www.trustpilot.com/categories/insurance;https://www.trustpilot.com/categories/insurance_agency;1008962;200;True;
37;mapping_categories;requests;1597307998.0468721;-0.03221392631530762;https://www.trustpilot.com/categories/adult_entertainment;https://www.trustpilot.com/categories/adult_entertainment;994622;200;True;
38;mapping_categories;requests;1597307998.6000519;-0.03237605094909668;https://www.trustpilot.com/categories/southeast_asian_cuisine;https://www.trustpilot.com/categories/southeast_asian_cuisine;933482;200;True;
39;mapping_categories;requests;1597307999.152599;-0.032727956771850586;https://www.trustpilot.com/categories/dancing_gymnastics;https://www.trustpilot.com/categories/dancing_gymnastics;956025;200;True;
40;mapping_categories;requests;1597307999.7070038;-0.03326821327209473;https://www.trustpilot.com/categories/equipment_associations;https://www.trustpilot.com/categories/equipment_associations;995196;200;True;
41;mapping_categories;requests;1597308000.2623649;-0.03359794616699219;https://www.trustpilot.com/categories/legal_service_providers;https://www.trustpilot.com/categories/legal_service_providers;990742;200;True;
42;mapping_categories;requests;1597308000.818709;-0.04629206657409668;https://www.trustpilot.com/categories/registration_services;https://www.trustpilot.com/categories/registration_services;1011947;200;True;
43;mapping_categories;requests;1597308001.3823638;-0.03265833854675293;https://www.trustpilot.com/categories/vision_hearing;https://www.trustpilot.com/categories/vision_hearing;999423;200;True;
44;mapping_categories;requests;1597308001.9352288;-0.033535003662109375;https://www.trustpilot.com/categories/sales_marketing;https://www.trustpilot.com/categories/sales_marketing;1020426;200;True;
45;mapping_categories;requests;1597308002.491147;-0.03324294090270996;https://www.trustpilot.com/categories/customs_toll;https://www.trustpilot.com/categories/customs_toll;940536;200;True;
46;mapping_categories;requests;1597308003.046648;-0.03250694274902344;https://www.trustpilot.com/categories/beverages_liquor;https://www.trustpilot.com/categories/beverages_liquor;995649;200;True;
47;mapping_categories;requests;1597308003.602777;-0.03447294235229492;https://www.trustpilot.com/categories/lawyers_attorneys;https://www.trustpilot.com/categories/lawyers_attorneys;1007555;200;True;
48;mapping_categories;requests;1597308004.1581;-0.034577131271362305;https://www.trustpilot.com/categories/decoration_interior;https://www.trustpilot.com/categories/decoration_interior;1015831;200;True;
49;mapping_categories;requests;1597308004.714519;-0.03245902061462402;https://www.trustpilot.com/categories/shopping_fashion;https://www.trustpilot.com/categories/shopping_fashion;959773;200;True;
50;mapping_categories;requests;1597308005.264718;-0.039589881896972656;https://www.trustpilot.com/categories/accessories;https://www.trustpilot.com/categories/fashion_accessories_store;999797;200;True;
51;mapping_categories;requests;1597308005.826127;-0.03313398361206055;https://www.trustpilot.com/categories/cats_dogs;https://www.trustpilot.com/categories/cats_dogs;970424;200;True;
52;mapping_categories;requests;1597308006.382802;-0.026704072952270508;https://www.trustpilot.com/categories/health_equipment;https://www.trustpilot.com/categories/health_equipment;1002727;200;True;
53;mapping_categories;requests;1597308006.9285;-0.831409215927124;https://www.trustpilot.com/categories/bowls_lawn_sports;https://www.trustpilot.com/categories/bowls_lawn_sports;934516;200;True;
54;mapping_categories;requests;1597308008.278145;-0.035446882247924805;https://www.trustpilot.com/categories/education_services;https://www.trustpilot.com/categories/education_services;1003502;200;True;
55;mapping_categories;requests;1597308008.835658;-0.03388476371765137;https://www.trustpilot.com/categories/meat_seafood_eggs;https://www.trustpilot.com/categories/meat_seafood_eggs;997778;200;True;
56;mapping_categories;requests;1597308009.388028;-0.03350710868835449;https://www.trustpilot.com/categories/nature_environment;https://www.trustpilot.com/categories/nature_environment;939843;200;True;
57;mapping_categories;requests;1597308009.945914;-0.03195977210998535;https://www.trustpilot.com/categories/wellness_spa;https://www.trustpilot.com/categories/wellness_spa;1004786;200;True;
58;mapping_categories;requests;1597308010.495971;-0.034265995025634766;https://www.trustpilot.com/categories/music_instruments;https://www.trustpilot.com/categories/music_instruments;1005050;200;True;
59;mapping_categories;requests;1597308011.0507672;-0.04719901084899902;https://www.trustpilot.com/categories/craftsman;https://www.trustpilot.com/categories/handyman;1002324;200;True;
60;mapping_categories;requests;1597308011.619497;-0.030404090881347656;https://www.trustpilot.com/categories/clinics;https://www.trustpilot.com/categories/clinics;1009138;200;True;
61;mapping_categories;requests;1597308012.170979;-0.0343480110168457;https://www.trustpilot.com/categories/professional_organizations;https://www.trustpilot.com/categories/professional_organizations;1002709;200;True;
62;mapping_categories;requests;1597308012.724834;-0.04000687599182129;https://www.trustpilot.com/categories/cars_trucks;https://www.trustpilot.com/categories/cars_trucks;1002126;200;True;
63;mapping_categories;requests;1597308013.284307;-0.036170005798339844;https://www.trustpilot.com/categories/garden_pond;https://www.trustpilot.com/categories/garden_pond;1010337;200;True;
64;mapping_categories;requests;1597308013.8408031;-0.0351259708404541;https://www.trustpilot.com/categories/hobbies;https://www.trustpilot.com/categories/hobbies;1002848;200;True;
65;mapping_categories;requests;1597308014.395158;-0.032991886138916016;https://www.trustpilot.com/categories/animal_health;https://www.trustpilot.com/categories/animal_health;965013;200;True;
66;mapping_categories;requests;1597308014.947264;-0.031820058822631836;https://www.trustpilot.com/categories/jewelry_watches;https://www.trustpilot.com/categories/jewelry_watches;1000236;200;True;
67;mapping_categories;requests;1597308015.501827;-0.031263113021850586;https://www.trustpilot.com/categories/building_materials;https://www.trustpilot.com/categories/building_materials;1016563;200;True;
68;mapping_categories;requests;1597308016.05531;-0.032006025314331055;https://www.trustpilot.com/categories/pet_services;https://www.trustpilot.com/categories/pet_services;981937;200;True;
69;mapping_categories;requests;1597308016.607185;-0.032820940017700195;https://www.trustpilot.com/categories/animals_pets;https://www.trustpilot.com/categories/animals_pets;991621;200;True;
70;mapping_categories;requests;1597308017.161566;-0.03378701210021973;https://www.trustpilot.com/categories/smoking_tobacco;https://www.trustpilot.com/categories/smoking_tobacco;994801;200;True;
71;mapping_categories;requests;1597308017.71376;-0.032510995864868164;https://www.trustpilot.com/categories/doctors_surgeons;https://www.trustpilot.com/categories/doctors_surgeons;1002185;200;True;
72;mapping_categories;requests;1597308018.269332;-0.02982306480407715;https://www.trustpilot.com/categories/astrology_numerology;https://www.trustpilot.com/categories/astrology_numerology;940295;200;True;
73;mapping_categories;requests;1597308018.8194602;-0.03911185264587402;https://www.trustpilot.com/categories/sports;https://www.trustpilot.com/categories/sports;1015484;200;True;
74;mapping_categories;requests;1597308019.380019;-0.03790688514709473;https://www.trustpilot.com/categories/auto_parts_wheels;https://www.trustpilot.com/categories/auto_parts_wheels;1022289;200;True;
75;mapping_categories;requests;1597308019.939403;-0.03154397010803223;https://www.trustpilot.com/categories/kids_family;https://www.trustpilot.com/categories/kids_family;960472;200;True;
76;mapping_categories;requests;1597308020.49409;-0.03484487533569336;https://www.trustpilot.com/categories/public_local_services;https://www.trustpilot.com/categories/public_local_services;1014454;200;True;
77;mapping_categories;requests;1597308021.049506;-0.031391143798828125;https://www.trustpilot.com/categories/pregnancy_children;https://www.trustpilot.com/categories/pregnancy_children;995755;200;True;
78;mapping_categories;requests;1597308021.602762;-0.032377004623413086;https://www.trustpilot.com/categories/vegetarian_diet;https://www.trustpilot.com/categories/vegetarian_diet;936599;200;True;
79;mapping_categories;requests;1597308022.1578329;-0.04596829414367676;https://www.trustpilot.com/categories/mental_health;https://www.trustpilot.com/categories/mental_health;998957;200;True;
80;mapping_categories;requests;1597308022.7291431;-0.03529477119445801;https://www.trustpilot.com/categories/legal_services_government;https://www.trustpilot.com/categories/legal_services_government;1002900;200;True;
81;mapping_categories;requests;1597308023.2862751;-0.03136277198791504;https://www.trustpilot.com/categories/office_space_supplies;https://www.trustpilot.com/categories/office_space_supplies;1021980;200;True;
82;mapping_categories;requests;1597308023.841454;-0.0465700626373291;https://www.trustpilot.com/categories/home_garden_services;https://www.trustpilot.com/categories/home_garden_services;1006631;200;True;
83;mapping_categories;requests;1597308024.4086661;-0.033145904541015625;https://www.trustpilot.com/categories/therapy_senior_health;https://www.trustpilot.com/categories/therapy_senior_health;1000869;200;True;
84;mapping_categories;requests;1597308024.963412;-0.0330967903137207;https://www.trustpilot.com/categories/repair_service_providers;https://www.trustpilot.com/categories/repair_service_providers;989769;200;True;
85;mapping_categories;requests;1597308025.5165591;-0.03350400924682617;https://www.trustpilot.com/categories/restaurants_bars;https://www.trustpilot.com/categories/restaurants_bars;955203;200;True;
86;mapping_categories;requests;1597308026.072609;-0.03367304801940918;https://www.trustpilot.com/categories/production_services;https://www.trustpilot.com/categories/production_services;963832;200;True;
87;mapping_categories;requests;1597308026.629854;-0.028986215591430664;https://www.trustpilot.com/categories/law_enforcement;https://www.trustpilot.com/categories/law_enforcement;942265;200;True;
88;mapping_categories;requests;1597308027.17782;-0.028502941131591797;https://www.trustpilot.com/categories/fabric_stationary;https://www.trustpilot.com/categories/fabric_stationary;985326;200;True;
89;mapping_categories;requests;1597308027.727807;-0.027099132537841797;https://www.trustpilot.com/categories/travel_vacation;https://www.trustpilot.com/categories/travel_vacation;950646;200;True;
90;mapping_categories;requests;1597308028.275373;-0.0424809455871582;https://www.trustpilot.com/categories/shooting_target_sports;https://www.trustpilot.com/categories/shooting_target_sports;954697;200;True;
91;mapping_categories;requests;1597308028.838449;-0.0323030948638916;https://www.trustpilot.com/categories/specials_schools;https://www.trustpilot.com/categories/specials_schools;1035088;200;True;
92;mapping_categories;requests;1597308029.39006;-0.02853107452392578;https://www.trustpilot.com/categories/language_learning;https://www.trustpilot.com/categories/language_learning;1006700;200;True;
93;mapping_categories;requests;1597308029.939958;-0.03122401237487793;https://www.trustpilot.com/categories/military_veteran;https://www.trustpilot.com/categories/military_veteran;931712;200;True;
94;mapping_categories;requests;1597308030.492617;-0.03433799743652344;https://www.trustpilot.com/categories/outdoor_winter_sports;https://www.trustpilot.com/categories/outdoor_winter_sports;1027467;200;True;
95;mapping_categories;requests;1597308031.047063;-0.10463190078735352;https://www.trustpilot.com/categories/clothing_underwear;https://www.trustpilot.com/categories/clothing_underwear;1023266;200;True;
96;mapping_categories;requests;1597308031.673291;-0.1024479866027832;https://www.trustpilot.com/categories/funeral_memorial;https://www.trustpilot.com/categories/funeral_memorial;963259;200;True;
97;mapping_categories;requests;1597308032.2967281;-0.0319368839263916;https://www.trustpilot.com/categories/medical_specialists;https://www.trustpilot.com/categories/medical_specialists;1016374;200;True;
98;mapping_categories;requests;1597308032.852059;-0.0386049747467041;https://www.trustpilot.com/categories/grocery_stores_markets;https://www.trustpilot.com/categories/grocery_stores_markets;1020611;200;True;
99;mapping_categories;requests;1597308033.4147468;-0.04736638069152832;https://www.trustpilot.com/categories/gaming;https://www.trustpilot.com/categories/gaming_service_provider;989936;200;True;
100;mapping_categories;requests;1597308033.983318;-0.03723001480102539;https://www.trustpilot.com/categories/hobbies_crafts;https://www.trustpilot.com/categories/hobbies_crafts;1011143;200;True;
101;mapping_categories;requests;1597308034.543304;-0.03150010108947754;https://www.trustpilot.com/categories/takeaway;https://www.trustpilot.com/categories/takeaway;999374;200;True;
102;mapping_categories;requests;1597308035.0975108;-0.026391029357910156;https://www.trustpilot.com/categories/lunch_catering;https://www.trustpilot.com/categories/lunch_catering;995381;200;True;
103;mapping_categories;requests;1597308035.646181;-0.04132485389709473;https://www.trustpilot.com/categories/dental_services;https://www.trustpilot.com/categories/dental_services;1017571;200;True;
104;mapping_categories;requests;1597308036.211046;-0.04137420654296875;https://www.trustpilot.com/categories/import_export;https://www.trustpilot.com/categories/import_export;984837;200;True;
105;mapping_categories;requests;1597308036.770672;-0.03302884101867676;https://www.trustpilot.com/categories/energy_heating;https://www.trustpilot.com/categories/energy_heating;995365;200;True;
106;mapping_categories;requests;1597308037.3277981;-0.036380767822265625;https://www.trustpilot.com/categories/contractors_consultants;https://www.trustpilot.com/categories/contractors_consultants;1039776;200;True;
107;mapping_categories;requests;1597308037.8836212;-0.044432878494262695;https://www.trustpilot.com/categories/hotels;https://www.trustpilot.com/categories/hotel;1013589;200;True;
108;mapping_categories;requests;1597308038.448171;-0.17901110649108887;https://www.trustpilot.com/categories/bicycles;https://www.trustpilot.com/categories/bicycle_store;1004706;200;True;
109;mapping_categories;requests;1597308039.150042;-0.036293983459472656;https://www.trustpilot.com/categories/hr_recruiting;https://www.trustpilot.com/categories/hr_recruiting;1002657;200;True;
110;mapping_categories;requests;1597308039.7143;-0.03663897514343262;https://www.trustpilot.com/categories/salons_clinics;https://www.trustpilot.com/categories/salons_clinics;1002393;200;True;
111;mapping_categories;requests;1597308040.2719538;-0.03483319282531738;https://www.trustpilot.com/categories/clothing_rental_repair;https://www.trustpilot.com/categories/clothing_rental_repair;962527;200;True;
112;mapping_categories;requests;1597308040.828332;-0.03624916076660156;https://www.trustpilot.com/categories/taxis_public_transport;https://www.trustpilot.com/categories/taxis_public_transport;1004055;200;True;
113;mapping_categories;requests;1597308041.3832262;-0.03276491165161133;https://www.trustpilot.com/categories/architects_engineers;https://www.trustpilot.com/categories/architects_engineers;1001464;200;True;
114;mapping_categories;requests;1597308041.938643;-0.05241584777832031;https://www.trustpilot.com/categories/museums_exibits;https://www.trustpilot.com/categories/museums_exibits;991375;200;True;
115;mapping_categories;requests;1597308042.512484;-0.028865814208984375;https://www.trustpilot.com/categories/beer_wine;https://www.trustpilot.com/categories/beer_wine;997638;200;True;
116;mapping_categories;requests;1597308043.065161;-0.0318760871887207;https://www.trustpilot.com/categories/asian_grocery_stores;https://www.trustpilot.com/categories/asian_grocery_stores;937643;200;True;
117;mapping_categories;requests;1597308043.6179771;-0.03319096565246582;https://www.trustpilot.com/categories/internet_software;https://www.trustpilot.com/categories/internet_software;1008226;200;True;
118;mapping_categories;requests;1597308044.173617;-0.027526140213012695;https://www.trustpilot.com/categories/bakery_pastry;https://www.trustpilot.com/categories/bakery_pastry;974970;200;True;
119;mapping_categories;requests;1597308044.7239602;-0.02753305435180664;https://www.trustpilot.com/categories/pharmacy_medicine;https://www.trustpilot.com/categories/pharmacy_medicine;998784;200;True;
120;mapping_categories;requests;1597308045.274658;-0.026458024978637695;https://www.trustpilot.com/categories/accomodations_lodging;https://www.trustpilot.com/categories/accomodations_lodging;1013034;200;True;
121;mapping_categories;requests;1597308045.824938;-0.026695966720581055;https://www.trustpilot.com/categories/air_water_transport;https://www.trustpilot.com/categories/air_water_transport;998089;200;True;
122;mapping_categories;requests;1597308046.374096;-0.033987998962402344;https://www.trustpilot.com/categories/hair_care_styling;https://www.trustpilot.com/categories/hair_care_styling;1008799;200;True;
123;mapping_categories;requests;1597308046.928996;-0.03990888595581055;https://www.trustpilot.com/categories/cleaning_service_providers;https://www.trustpilot.com/categories/cleaning_service_providers;1004942;200;True;
124;mapping_categories;requests;1597308047.490828;-0.03449201583862305;https://www.trustpilot.com/categories/physical_aids;https://www.trustpilot.com/categories/physical_aids;1000967;200;True;
125;mapping_categories;requests;1597308048.0498528;-0.03528714179992676;https://www.trustpilot.com/categories/fishing_hunting;https://www.trustpilot.com/categories/fishing_hunting;1015134;200;True;
126;mapping_categories;requests;1597308048.605383;-0.03391623497009277;https://www.trustpilot.com/categories/health_medical;https://www.trustpilot.com/categories/health_medical;1027433;200;True;
127;mapping_categories;requests;1597308049.163886;-0.048805952072143555;https://www.trustpilot.com/categories/airlines_air_travel;https://www.trustpilot.com/categories/airlines_air_travel;993329;200;True;
128;mapping_categories;requests;1597308049.731172;-0.03323197364807129;https://www.trustpilot.com/categories/pet_stores;https://www.trustpilot.com/categories/pet_stores;987570;200;True;
129;mapping_categories;requests;1597308050.28544;-0.03305697441101074;https://www.trustpilot.com/categories/accounting_tax;https://www.trustpilot.com/categories/accounting_tax;1007708;200;True;
130;mapping_categories;requests;1597308050.8412428;-0.035689353942871094;https://www.trustpilot.com/categories/home_garden;https://www.trustpilot.com/categories/home_garden;1030994;200;True;
131;mapping_categories;requests;1597308051.4002821;-0.02530980110168457;https://www.trustpilot.com/categories/bat-and-ball_games;https://www.trustpilot.com/categories/bat-and-ball_games;936008;200;True;
132;mapping_categories;requests;1597308051.9477649;-0.04798698425292969;https://www.trustpilot.com/categories/public_services_welfare;https://www.trustpilot.com/categories/public_services_welfare;970280;200;True;
133;mapping_categories;requests;1597308052.521641;-0.033757925033569336;https://www.trustpilot.com/categories/malls_marketplaces;https://www.trustpilot.com/categories/malls_marketplaces;1007882;200;True;
134;mapping_categories;requests;1597308053.079585;-0.03142690658569336;https://www.trustpilot.com/categories/repair_services;https://www.trustpilot.com/categories/repair_services;1016039;200;True;
135;mapping_categories;requests;1597308053.633615;-0.031603097915649414;https://www.trustpilot.com/categories/music_movies;https://www.trustpilot.com/categories/music_movies;984118;200;True;
136;mapping_categories;requests;1597308054.186825;-0.061682939529418945;https://www.trustpilot.com/categories/hospital_emergency;https://www.trustpilot.com/categories/hospital_emergency;1011311;200;True;
137;mapping_categories;requests;1597308054.777935;-0.03410005569458008;https://www.trustpilot.com/categories/events_entertainment;https://www.trustpilot.com/categories/events_entertainment;1014796;200;True;
138;mapping_categories;requests;1597308055.331794;-0.03480195999145508;https://www.trustpilot.com/categories/hockey_ice_skating;https://www.trustpilot.com/categories/hockey_ice_skating;938284;200;True;
139;mapping_categories;requests;1597308055.889291;-0.04597878456115723;https://www.trustpilot.com/categories/butcher;https://www.trustpilot.com/categories/butcher_shop;974180;200;True;
140;mapping_categories;requests;1597308056.4529479;-0.03537106513977051;https://www.trustpilot.com/categories/education_training;https://www.trustpilot.com/categories/education_training;1013098;200;True;
141;mapping_categories;requests;1597308057.010238;-0.04649209976196289;https://www.trustpilot.com/categories/motorcycle_powersports;https://www.trustpilot.com/categories/motorcycle_powersports;996180;200;True;
142;mapping_categories;requests;1597308057.580023;-0.03260016441345215;https://www.trustpilot.com/categories/banking_money;https://www.trustpilot.com/categories/banking_money;1008335;200;True;
143;mapping_categories;requests;1597308058.136547;-0.04899001121520996;https://www.trustpilot.com/categories/gambling;https://www.trustpilot.com/categories/gambling_house;971816;200;True;
144;mapping_categories;requests;1597308058.706078;-0.27416276931762695;https://www.trustpilot.com/categories/martial_arts_wrestling;https://www.trustpilot.com/categories/martial_arts_wrestling;970193;200;True;
145;mapping_categories;requests;1597308059.50249;-0.02670598030090332;https://www.trustpilot.com/categories/general_restaurants;https://www.trustpilot.com/categories/general_restaurants;991984;200;True;
146;mapping_categories;requests;1597308060.0505111;-0.11584901809692383;https://www.trustpilot.com/categories/chemicals_plastic;https://www.trustpilot.com/categories/chemicals_plastic;943948;200;True;
147;mapping_categories;requests;1597308060.6852212;-0.10008883476257324;https://www.trustpilot.com/categories/energy_power;https://www.trustpilot.com/categories/energy_power;1007562;200;True;
148;mapping_categories;requests;1597308061.307574;-0.4435248374938965;https://www.trustpilot.com/categories/music_theater_classes;https://www.trustpilot.com/categories/music_theater_classes;947476;200;True;
149;mapping_categories;requests;1597308062.2744582;-0.26816368103027344;https://www.trustpilot.com/categories/furniture_stores;https://www.trustpilot.com/categories/furniture_stores;1016311;200;True;
150;mapping_categories;requests;1597308063.061216;-0.029867887496948242;https://www.trustpilot.com/categories/extreme_sports;https://www.trustpilot.com/categories/extreme_sports;1021035;200;True;
151;mapping_categories;requests;1597308063.6129012;-0.047296762466430664;https://www.trustpilot.com/categories/cultural_goods;https://www.trustpilot.com/categories/cultural_goods;954636;200;True;
152;mapping_categories;requests;1597308064.179552;-0.04810690879821777;https://www.trustpilot.com/categories/business_services;https://www.trustpilot.com/categories/business_services;977138;200;True;
153;mapping_categories;requests;1597308064.748029;-0.03431391716003418;https://www.trustpilot.com/categories/golf_ultimate;https://www.trustpilot.com/categories/golf_ultimate;996275;200;True;
154;mapping_categories;requests;1597308065.303824;-0.05738997459411621;https://www.trustpilot.com/categories/utilities;https://www.trustpilot.com/categories/housing_utility_company;968410;200;True;
155;mapping_categories;requests;1597308065.883749;-0.032182931900024414;https://www.trustpilot.com/categories/school_high_school;https://www.trustpilot.com/categories/school_high_school;995816;200;True;
156;mapping_categories;requests;1597308066.439926;-0.03319215774536133;https://www.trustpilot.com/categories/art_handicraft;https://www.trustpilot.com/categories/art_handicraft;1003632;200;True;
157;mapping_categories;requests;1597308066.994231;-0.0567629337310791;https://www.trustpilot.com/categories/video_sound;https://www.trustpilot.com/categories/video_sound;1005870;200;True;
158;mapping_categories;requests;1597308067.57319;-0.0476069450378418;https://www.trustpilot.com/categories/food_beverages_tobacco;https://www.trustpilot.com/categories/food_beverages_tobacco;963818;200;True;
159;mapping_categories;requests;1597308068.141121;-0.03080916404724121;https://www.trustpilot.com/categories/house_sitting_security;https://www.trustpilot.com/categories/house_sitting_security;987476;200;True;
160;mapping_categories;requests;1597308068.695728;-0.03171992301940918;https://www.trustpilot.com/categories/clubbing_nightlife;https://www.trustpilot.com/categories/clubbing_nightlife;940786;200;True;
161;mapping_categories;requests;1597308069.247654;-4.374281167984009;https://www.trustpilot.com/categories/airports_parking;https://www.trustpilot.com/categories/airports_parking;990480;200;True;
162;mapping_categories;requests;1597308074.1498501;-0.03317689895629883;https://www.trustpilot.com/categories/beauty_wellbeing;https://www.trustpilot.com/categories/beauty_wellbeing;1009273;200;True;
163;mapping_categories;requests;1597308074.7074392;-0.032324790954589844;https://www.trustpilot.com/categories/vehicles_transportation;https://www.trustpilot.com/categories/vehicles_transportation;1023277;200;True;
164;mapping_categories;requests;1597308075.263096;-0.03437685966491699;https://www.trustpilot.com/categories/shipping_logistics;https://www.trustpilot.com/categories/shipping_logistics;1007564;200;True;
165;mapping_categories;requests;1597308075.819804;-0.02883601188659668;https://www.trustpilot.com/categories/associations_centers;https://www.trustpilot.com/categories/associations_centers;967417;200;True;
166;mapping_categories;requests;1597308076.372115;-0.03479814529418945;https://www.trustpilot.com/categories/painting_paper;https://www.trustpilot.com/categories/painting_paper;1005530;200;True;
167;mapping_categories;requests;1597308076.9281678;-0.03782200813293457;https://www.trustpilot.com/categories/home_goods_stores;https://www.trustpilot.com/categories/home_goods_stores;1013709;200;True;
168;mapping_categories;requests;1597308077.484939;-0.040409088134765625;https://www.trustpilot.com/categories/costume_wedding;https://www.trustpilot.com/categories/costume_wedding;1001024;200;True;
169;mapping_categories;requests;1597308078.050237;-0.031675100326538086;https://www.trustpilot.com/categories/theater_opera;https://www.trustpilot.com/categories/theater_opera;936477;200;True;
170;mapping_categories;requests;1597308078.604888;-0.03319883346557617;https://www.trustpilot.com/categories/fitness_weight_lifting;https://www.trustpilot.com/categories/fitness_weight_lifting;1010773;200;True;
171;mapping_categories;requests;1597308079.159549;-0.05744004249572754;https://www.trustpilot.com/categories/construction_services;https://www.trustpilot.com/categories/construction_services;980736;200;True;
172;mapping_categories;requests;1597308079.735504;-0.03658413887023926;https://www.trustpilot.com/categories/bathroom_kitchen;https://www.trustpilot.com/categories/bathroom_kitchen;1008379;200;True;
173;mapping_categories;requests;1597308080.297014;-0.03379511833190918;https://www.trustpilot.com/categories/tennis_racquet_sports;https://www.trustpilot.com/categories/tennis_racquet_sports;959445;200;True;
174;mapping_categories;requests;1597308080.852958;-0.029435157775878906;https://www.trustpilot.com/categories/yoga_meditation;https://www.trustpilot.com/categories/yoga_meditation;977482;200;True;
175;mapping_categories;requests;1597308081.4057379;-0.03270411491394043;https://www.trustpilot.com/categories/bars_cafes;https://www.trustpilot.com/categories/bars_cafes;959753;200;True;
176;mapping_categories;requests;1597308081.960449;-0.030704021453857422;https://www.trustpilot.com/categories/libraries_archives;https://www.trustpilot.com/categories/libraries_archives;932265;200;True;
177;mapping_categories;requests;1597308082.514595;-0.034060001373291016;https://www.trustpilot.com/categories/factory_equipment;https://www.trustpilot.com/categories/factory_equipment;1019357;200;True;
178;mapping_categories;requests;1597308083.069939;-0.03381514549255371;https://www.trustpilot.com/categories/food_production;https://www.trustpilot.com/categories/food_production;1005041;200;True;
179;mapping_categories;requests;1597308083.627242;-0.049078941345214844;https://www.trustpilot.com/categories/home_improvements;https://www.trustpilot.com/categories/home_improvements;1002119;200;True;
180;mapping_categories;requests;1597308084.19432;-0.033521175384521484;https://www.trustpilot.com/categories/water_utilities;https://www.trustpilot.com/categories/water_utilities;947429;200;True;
181;mapping_categories;requests;1597308084.749687;-0.03255605697631836;https://www.trustpilot.com/categories/electronics_technology;https://www.trustpilot.com/categories/electronics_technology;1013409;200;True;
182;mapping_categories;requests;1597308085.3034382;-0.03329873085021973;https://www.trustpilot.com/categories/house_services;https://www.trustpilot.com/categories/house_services;999103;200;True;
183;mapping_categories;requests;1597308085.857457;-0.026072978973388672;https://www.trustpilot.com/categories/construction_manufactoring;https://www.trustpilot.com/categories/construction_manufactoring;1040066;200;True;
184;mapping_categories;requests;1597308086.405083;-0.032938241958618164;https://www.trustpilot.com/categories/it_communication;https://www.trustpilot.com/categories/it_communication;1049600;200;True;
185;mapping_categories;requests;1597308086.9593458;-0.04289102554321289;https://www.trustpilot.com/categories/shelters_homes;https://www.trustpilot.com/categories/shelters_homes;933763;200;True;
186;mapping_categories;requests;1597308087.5221;-0.03507208824157715;https://www.trustpilot.com/categories/wedding_party;https://www.trustpilot.com/categories/wedding_party;1014664;200;True;
187;mapping_categories;requests;1597308088.07671;-0.033525943756103516;https://www.trustpilot.com/categories/agriculture_produce;https://www.trustpilot.com/categories/agriculture_produce;969154;200;True;
188;mapping_categories;requests;1597308088.633132;-0.036325931549072266;https://www.trustpilot.com/categories/investments_wealth;https://www.trustpilot.com/categories/investments_wealth;1015479;200;True;
189;mapping_categories;requests;1597308089.191757;-0.03483915328979492;https://www.trustpilot.com/categories/money_insurance;https://www.trustpilot.com/categories/money_insurance;1014899;200;True;
190;mapping_categories;requests;1597308089.7481558;-0.028481006622314453;https://www.trustpilot.com/categories/swimming_water_sports;https://www.trustpilot.com/categories/swimming_water_sports;944667;200;True;
191;mapping_categories;requests;1597308090.298964;-0.04959583282470703;https://www.trustpilot.com/categories/personal_care;https://www.trustpilot.com/categories/personal_care;994408;200;True;
192;mapping_categories;requests;1597308090.87378;-0.03159809112548828;https://www.trustpilot.com/categories/books_magazines;https://www.trustpilot.com/categories/books_magazines;1002115;200;True;
193;mapping_categories;requests;1597308091.4259672;-0.03367877006530762;https://www.trustpilot.com/categories/employment_career;https://www.trustpilot.com/categories/employment_career;1021981;200;True;
194;mapping_categories;requests;1597308091.9804301;-0.04035305976867676;https://www.trustpilot.com/categories/outdoor_activities;https://www.trustpilot.com/categories/outdoor_activities;1028653;200;True;
195;mapping_categories;requests;1597308092.5442638;-0.03913235664367676;https://www.trustpilot.com/categories/wholesale;https://www.trustpilot.com/categories/wholesale;1013349;200;True;
196;mapping_categories;requests;1597308093.1073658;-0.056356191635131836;https://www.trustpilot.com/categories/travel_agencies;https://www.trustpilot.com/categories/travel_agency;995719;200;True;
197;mapping_categories;requests;1597308093.685861;-0.025816917419433594;https://www.trustpilot.com/categories/tools_equipment;https://www.trustpilot.com/categories/tools_equipment;1015549;200;True;
198;mapping_categories;requests;1597308094.231879;-0.03146195411682129;https://www.trustpilot.com/categories/media_publishing;https://www.trustpilot.com/categories/media_publishing;949657;200;True;
199;mapping_categories;requests;1597308094.785898;-0.025796175003051758;https://www.trustpilot.com/categories/plumbing_sanitation;https://www.trustpilot.com/categories/plumbing_sanitation;1008004;200;True;
200;mapping_categories;requests;1597308095.336112;-0.03108382225036621;https://www.trustpilot.com/categories/home_services;https://www.trustpilot.com/categories/home_services;1015047;200;True;
201;mapping_categories;requests;1597308095.887499;-0.030351877212524414;https://www.trustpilot.com/categories/waste_management;https://www.trustpilot.com/categories/waste_management;986437;200;True;
202;mapping_categories;requests;1597308096.439168;-0.03482794761657715;https://www.trustpilot.com/categories/ball_games;https://www.trustpilot.com/categories/ball_games;984871;200;True;
203;mapping_categories;requests;1597308096.994925;-0.03309178352355957;https://www.trustpilot.com/categories/vehicle_repair_fuel;https://www.trustpilot.com/categories/vehicle_repair_fuel;1039409;200;True;
204;mapping_categories;requests;1597308097.548529;-0.0368502140045166;https://www.trustpilot.com/categories/north_south_american_cuisine;https://www.trustpilot.com/categories/north_south_american_cuisine;941927;200;True;
205;mapping_categories;requests;1597308098.108418;-0.032978057861328125;https://www.trustpilot.com/categories/cosmetics_makeup;https://www.trustpilot.com/categories/cosmetics_makeup;1005318;200;True;
206;mapping_categories;requests;1597308098.662884;-0.034253835678100586;https://www.trustpilot.com/categories/manufacturing;https://www.trustpilot.com/categories/manufacturing;1024024;200;True;
207;mapping_categories;requests;1597308099.21797;-0.03342628479003906;https://www.trustpilot.com/categories/courses_classes;https://www.trustpilot.com/categories/courses_classes;992842;200;True;
208;mapping_categories;requests;1597308099.776227;-0.039929866790771484;https://www.trustpilot.com/categories/childrens_entertainment;https://www.trustpilot.com/categories/childrens_entertainment;1002923;200;True;
209;mapping_categories;requests;1597308100.33773;-0.03194999694824219;https://www.trustpilot.com/categories/municipal_department;https://www.trustpilot.com/categories/municipal_department;946720;200;True;
210;mapping_categories;requests;1597308100.8940318;-0.03677535057067871;https://www.trustpilot.com/categories/candy_chocolate;https://www.trustpilot.com/categories/candy_chocolate;1009438;200;True;
211;mapping_categories;requests;1597308101.452529;-0.03387904167175293;https://www.trustpilot.com/categories/government_department;https://www.trustpilot.com/categories/government_department;943324;200;True;
212;mapping_categories;requests;1597308102.0070841;-0.04005885124206543;https://www.trustpilot.com/categories/garden_landscaping;https://www.trustpilot.com/categories/garden_landscaping;980112;200;True;
213;mapping_categories;requests;1597308102.5691772;-0.03312182426452637;https://www.trustpilot.com/categories/religious_institutions;https://www.trustpilot.com/categories/religious_institutions;958320;200;True;
214;mapping_categories;requests;1597308103.125796;-0.042369842529296875;https://www.trustpilot.com/categories/needlework_knitting;https://www.trustpilot.com/categories/needlework_knitting;973712;200;True;
215;mapping_categories;requests;1597308103.69386;-0.036528825759887695;https://www.trustpilot.com/categories/industrial_supplies;https://www.trustpilot.com/categories/industrial_supplies;1018001;200;True;
216;mapping_categories;requests;1597308104.250093;-0.03392481803894043;https://www.trustpilot.com/categories/real_estate;https://www.trustpilot.com/categories/real_estate;999213;200;True;
217;mapping_categories;requests;1597308104.80555;-0.03319406509399414;https://www.trustpilot.com/categories/research_development;https://www.trustpilot.com/categories/research_development;1011778;200;True;
218;mapping_categories;requests;1597308105.3598888;-0.039846181869506836;https://www.trustpilot.com/categories/housing_associations;https://www.trustpilot.com/categories/housing_associations;945104;200;True;
219;mapping_categories;requests;1597308105.923881;-0.05203390121459961;https://www.trustpilot.com/categories/european_cuisine;https://www.trustpilot.com/categories/european_cuisine;940801;200;True;
220;mapping_categories;requests;1597308106.497213;-0.033782005310058594;https://www.trustpilot.com/categories/media_information;https://www.trustpilot.com/categories/media_information;1005085;200;True;
221;mapping_categories;requests;1597308107.051735;-2.5278971195220947;https://www.trustpilot.com/categories/other_vehicles_trailers;https://www.trustpilot.com/categories/other_vehicles_trailers;998640;200;True;
222;mapping_categories;requests;1597308110.1041799;-0.03390216827392578;https://www.trustpilot.com/categories/print_graphic_design;https://www.trustpilot.com/categories/print_graphic_design;1014940;200;True;
223;mapping_categories;requests;1597308110.662137;-0.039324045181274414;https://www.trustpilot.com/categories/appliances_electronics;https://www.trustpilot.com/categories/appliances_electronics;1023412;200;True;
224;mapping_categories;requests;1597308111.224639;-0.03339123725891113;https://www.trustpilot.com/categories/audio_visual;https://www.trustpilot.com/categories/audio_visual;1005281;200;True;
225;mapping_categories;requests;1597308111.7801101;-0.03356170654296875;https://www.trustpilot.com/categories/vehical_rental;https://www.trustpilot.com/categories/vehical_rental;998854;200;True;
226;mapping_categories;requests;1597308112.335615;-0.04740095138549805;https://www.trustpilot.com/categories/animal_parks_zoo;https://www.trustpilot.com/categories/animal_parks_zoo;935886;200;True;
227;mapping_categories;requests;1597308112.9047942;-0.02534770965576172;https://www.trustpilot.com/categories/colleges_universities;https://www.trustpilot.com/categories/colleges_universities;1013016;200;True;
228;mapping_categories;requests;1597308113.453351;-0.029957056045532227;https://www.trustpilot.com/categories/metal_stone_glass_work;https://www.trustpilot.com/categories/metal_stone_glass_work;1004384;200;True;
229;mapping_categories;requests;1597308114.0044842;-0.03809094429016113;https://www.trustpilot.com/categories/moving_storage;https://www.trustpilot.com/categories/moving_storage;1023154;200;True;
230;mapping_categories;requests;1597308114.5662458;-0.03188300132751465;https://www.trustpilot.com/categories/mediterranean_cuisine;https://www.trustpilot.com/categories/mediterranean_cuisine;934177;200;True;
231;mapping_categories;requests;1597308115.119746;-0.03198695182800293;https://www.trustpilot.com/categories/diagnostics_testing;https://www.trustpilot.com/categories/diagnostics_testing;993972;200;True;
232;mapping_categories;requests;1597308115.6753972;-0.03853964805603027;https://www.trustpilot.com/categories/fruits_vegetables;https://www.trustpilot.com/categories/fruits_vegetables;971521;200;True;
233;mapping_categories;requests;1597308116.236207;-0.03661298751831055;https://www.trustpilot.com/categories/computers_phones;https://www.trustpilot.com/categories/computers_phones;1012876;200;True;
234;mapping_categories;requests;1597308116.7917812;-0.07521176338195801;https://www.trustpilot.com/categories/activities_tours;https://www.trustpilot.com/categories/activities_tours;1003314;200;True;
235;mapping_categories;requests;1597308117.395513;-0.09306097030639648;https://www.trustpilot.com/categories/events_venues;https://www.trustpilot.com/categories/events_venues;1000470;200;True;
236;mapping_categories;requests;1597308118.01355;-0.035223960876464844;https://www.trustpilot.com/categories/photography;https://www.trustpilot.com/categories/photography;1012247;200;True;
237;mapping_categories;requests;1597308118.5720708;-0.033672332763671875;https://www.trustpilot.com/categories/coffee_tea;https://www.trustpilot.com/categories/coffee_tea;1011688;200;True;
238;mapping_categories;requests;1597308119.1267252;-0.035016775131225586;https://www.trustpilot.com/categories/credit_debt_services;https://www.trustpilot.com/categories/credit_debt_services;1002561;200;True;
239;mapping_categories;requests;1597308119.681453;-0.03168487548828125;https://www.trustpilot.com/categories/horses_riding;https://www.trustpilot.com/categories/horses_riding;949058;200;True;
240;download_review;requests;1597308150.468698;-0.06560897827148438;https://www.trustpilot.com/reviews/5f1c07401a5a69075066f63d/jsonld;https://www.trustpilot.com/reviews/5f1c07401a5a69075066f63d/jsonld;574;200;True;